,company,Product Density Score,Requests Density Score,Match Count
0,STOCKMEIER Chemie GmbH & Co. KG,0.576271186440678,71.21610169491525,136
1,Harold Scholz & Co. GmbH,0.4,39.4,6
2,Count Energy Distribution Ltd,0.8461538461538461,122.46153846153847,44
3,Goodpack Europe,0.0,0.0,0
4,Perstorp Group,0.15789473684210525,7.473684210526316,3
5,Syskem Chemie Gmbh,0.3980891719745223,42.06687898089172,125
6,BCH Brühl - Chemikalien Handel GmbH,0.4,19.466666666666665,6
7,Traditem GmbH,0.3702127659574468,31.56737588652482,261
8,Häffner GmbH & Co. KG,0.532293986636971,48.534521158129174,239
9,Rescom Srl,0.0,0.0,0
10,Cofermin Chemicals,0.5,32.125,8
11,Carbon Activated Europe,0.0,0.0,0
12,Julius Hoesch GmbH & Co. KG,0.5429864253393665,51.31900452488688,240
13,Möller Chemie GmbH & Co. KG,0.6618705035971223,77.35251798561151,92
14,Nano Gold,0.2,5.8,1
15,Kronos International Inc.,1.0,386.0,1
16,Sumo Innovations,0.0,0.0,0
17,DW OIL Trading GmbH,0.3333333333333333,12.666666666666666,1
18,BTC Europe GmbH,0.20970266040688576,19.37715179968701,134
19,HARKE Chemicals GmbH,0.7142857142857143,118.42857142857143,25
20,Europigments SL,1.0,15.5,2
21,Blue Bear Chemicals Bv,0.6666666666666666,36.5,4
22,M2I Life Sciences,0.0,0.0,0
23,Cores Resine Srl,0.0,0.0,0
24,distripark GmbH,0.96875,262.8125,31
25,Mosselman SA,0.21487603305785125,14.727272727272727,52
26,Water Treatment Products,0.5,218.5,1
27,Mercur Handel GmbH,0.4230769230769231,32.75,22
28,SINCHEM EUROPE SAS,1.0,84.0,1
29,Kraeber & Co,0.047619047619047616,1.1428571428571428,3
30,BI-QEM SA,0.0,0.0,0
31,Preparados Quimicos De Navarra S.L.,0.6716417910447762,91.5,90
32,Chempoint Emea,1.0,72.0,1
33,VICCOR INDUSTRY,0.15462610899873258,17.785804816223067,122
34,Lehmann&Voss&Co. Kg,0.3333333333333333,23.0,2
35,Quimidroga,0.4166666666666667,44.36309523809524,70
36,Italmatch Chemicals Spa,0.5,41.5,1
37,BÜFA Chemikalien GmbH & Co. KG,0.6724738675958188,70.47386759581882,193
38,J&K Scientific,0.09481534090909091,6.612215909090909,267
39,Arcane Industries,0.94,188.5,47
40,Jürgen Schoos Export Gmbh,1.0,28.0,1
41,Feralco Deutschland Gmbh,0.3333333333333333,18.5,2
42,Skova Pharmachems,1.0,217.0,1
43,Dukat Wiesława Partyka,0.0,0.0,0
44,neoFroxx GmbH,0.2964669738863287,28.986175115207374,193
45,Life Chemicals Europe Gmbh,0.0,0.0,0
46,Cf Plus Chemicals S.R.O.,0.0,0.0,0
47,Dr. Felix Jäger Chemikalienhandel,1.0,308.5,6
48,Organica Feinchemie Gmbh Wolfen,0.0,0.0,0
49,Pp Polymer Ab,0.0,0.0,0
50,Erich Slupetzky Gesmbh,0.6666666666666666,31.666666666666668,2
51,Borealis AG,1.0,60.0,1
52,INFINIUM PHARMACHEM LIMITED,0.024539877300613498,0.6932515337423313,4
53,Jebsen & Jessen Life Science Gmbh,0.6551724137931034,58.206896551724135,19
54,Terra Nostra Gmbh,0.0,0.0,0
55,Cremer Oleo Gmbh & Co. Kg,1.0,545.0,1
56,Satcotek Gmbh,0.0967741935483871,16.387096774193548,3
57,Stand-Chem Kft.,0.9411764705882353,191.7843137254902,48
58,Synhet - Synthetic Heterocycles,0.0,0.0,0
59,Becker Industrielack Gmbh,0.4,65.8,2
60,Aston Chemicals Ltd,0.0,0.0,0
61,888 Raw Plastic Supplies,1.0,32.5,2
62,Esterpol,0.0,0.0,0
63,ProLab GmbH,0.0,0.0,0
64,OQEMA AG,0.2778904665314402,23.273833671399593,274
65,Nimaco Chemicals,1.0,35.0,1
66,Jobachem Gmbh,0.36470588235294116,22.623529411764707,31
67,Green Italy Srl,0.5,13.0,1
68,Tauroquimica,0.0,0.0,0
69,Kaffe Bueno Aps,0.0,0.0,0
70,KESVI MAXIPLE LLP,0.21518987341772153,28.848101265822784,34
71,Bozzetto Group,0.4444444444444444,99.44444444444444,4
72,Gama (York) Ltd,0.5,397.5,1
73,Balthemis,0.9411764705882353,342.29411764705884,16
74,Halopolymer,0.13333333333333333,29.6,2
75,Ismaco,0.0,0.0,0
76,biolla chemicals GmbH,0.13391984359726294,10.758553274682306,137
77,Synthese Nord,0.0,0.0,0
78,Cortex Chemicals sp. z o.o.,0.0,0.0,0
79,Wolf Niemz - Ätherische Öle,0.033003300330033,1.976897689768977,30
80,Standard Water srl,1.0,388.0,1
81,"Comercial Coll Vila 324, S.L.",0.0,0.0,0
82,Grillo-Werke AG,0.0,0.0,0
83,Oliver Rubber Industries LLP,0.0,0.0,0
84,H3B SRL,0.6,289.2,3
85,KRENDALL srl,0.11347517730496454,5.957446808510638,16
86,"Dmitrievsky Chemical Plant – Production, LLC",0.9130434782608695,208.0,21
87,Wacker Chemie AG,0.3333333333333333,21.666666666666668,2
88,AyTrade LTD,1.0,46.0,2
89,International Solvent Solutions BV,0.5616438356164384,61.15525114155251,123
90,Same Chemicals BV,0.851063829787234,122.61702127659575,80
91,Particular Materials srl,0.2857142857142857,7.285714285714286,4
92,City Chem Shanghai Limited,0.5780141843971631,51.45035460992908,163
93,Chem2Market GmbH,0.0,0.0,0
94,Helio Beit Pigmentpasten GmbH,0.0,0.0,0
95,CP International Chemicals Ltd,0.0,0.0,0
96,Cure Biochem,0.0,0.0,0
97,NUCLEUS KIMYA,0.5,36.5,1
98,OOO SIBUR,0.391304347826087,44.67391304347826,18
99,Industrial Mineral Services Ltd,0.0,0.0,0
100,Penta Chemicals,0.44,75.53,44
101,ELM Kimya A.S.,0.6666666666666666,173.0,4
102,Poliver s.r.l.,0.0,0.0,0
103,Polbalt sp. z o. o.,1.0,488.5,2
104,distripark.com Sp. z o.o.,0.6804123711340206,85.19587628865979,132
105,Klaus F. Meyer GmbH,0.21296296296296297,12.61111111111111,23
106,Penpet Petrochemical Trading GmbH,0.7142857142857143,109.28571428571429,45
107,DutCH2 B.V.,0.9629629629629629,191.66666666666666,26
108,LIQUICHEM Handelsgesellschaft mbH,0.8,142.06666666666666,12
109,Currie Marketing Ltd,0.0,0.0,0
110,Kolb Distribution Ltd.,0.17391304347826086,14.478260869565217,4
111,R.A.W. Minerals B.V.,0.0,0.0,0
112,Rashtriya Chemical and Minerals,0.6666666666666666,27.666666666666668,2
113,GETEC PARK SWISS AG,0.8333333333333334,167.16666666666666,5
114,Livchem Logistics GmbH,0.0571740713765477,3.654406409322651,157
115,Prakash Chemicals International Pvt Ltd,0.6101694915254238,101.54237288135593,36
116,Wegochem Europe BV,0.3392018779342723,21.1924882629108,289
117,Azelis Deutschland Kosmetik GmbH,0.59375,83.6875,19
118,Innua Europe Ltd,0.6296296296296297,53.48148148148148,17
119,Emertle Chemical Solutions,0.625,139.65625,20
120,Bernd Schwegmann GmbH & Co. KG,0.0,0.0,0
121,Wistema GmbH,0.375,24.75,3
122,Viaton Europe GmbH,1.0,50.0,1
123,Keminntek Laboratories,0.030303030303030304,1.9393939393939394,1
124,San Nature,1.0,83.0,1
125,Waldis UAB,0.6666666666666666,46.0,2
126,Amitek Infra Pvt. Ltd.,0.0,0.0,0
127,SBZ Corporation Ltd,0.21739130434782608,9.782608695652174,5
128,Alantum Europe GmbH,0.0,0.0,0
129,Equilex Chemicals B.V.,0.4827586206896552,59.13793103448276,14
130,Global Company for Chemical Industries,0.0,0.0,0
131,ViVoChem B.V.,0.6464968152866242,67.28343949044586,203
132,Vertellus Specialties Austria GmbH,0.09375,5.59375,3
133,Solberg Industri AS,1.0,254.86666666666667,15
134,MINERALCOMERS AD,1.0,49.666666666666664,3
135,WhitChem Limited,0.5,56.375,4
136,Meghna Colour Chem,0.0,0.0,0
137,POLWAX S.A.,0.0,0.0,0
138,Scotswood Chemicals Ltd,0.8181818181818182,203.1818181818182,9
139,Pavezyum Kimya San. Dis. Tic. A.S,0.0,0.0,0
140,Connect Chemicals GmbH,0.15982721382289417,9.550755939524837,74
141,BERKIM KAUCUK PLASTIK KIMYA SAN VE TIC AS,0.3333333333333333,5.333333333333333,2
142,Alcochem Minerals BV,1.0,38.0,1
143,Triconor Distribution GmbH,1.0,84.0,1
144,OQEMA B.V.,0.9545454545454546,221.72727272727272,21
145,Bodotex A/S,0.6206896551724138,113.72413793103448,18
146,Brenntag GmbH,0.24537037037037038,33.361111111111114,53
147,East Harbour Group Ltd,0.4520547945205479,74.4931506849315,33
148,Vollmer Chemie Vertriebs-GmbH,0.8181818181818182,189.8181818181818,9
149,JSC KAUSTIK,1.0,361.5,2
150,TER Chemicals – BU Life Science,0.4895833333333333,43.3125,47
151,Emery Oleochemicals,0.3,12.7,3
152,Völpker Spezialprodukte GmbH,0.0625,2.375,1
153,Faravelli GmbH,0.3282442748091603,18.053435114503817,43
154,Alumina doo,0.4,11.4,2
155,Performance Additives Europe GmbH,0.0,0.0,0
156,Chemconserve BV,0.0,0.0,0
157,Wintzell & Fried,0.0,0.0,0
158,UPL Ltd,0.125,4.958333333333333,3
159,Phoenix Chemicals Trading Sp.z o.o.,0.9047619047619048,167.57142857142858,19
160,Kemiatech,1.0,220.0,3
161,FIBB sistemi d.o.o.,1.0,35.0,1
162,Greyhound Chromatography and Allied Chemicals Ltd,0.75,201.83333333333334,9
163,CABAMIX,1.0,66.0,1
164,Vedra S.R.L.,1.0,390.6666666666667,3
165,Hobum Oleochemicals GmbH,1.0,43.0,1
166,CP Metal Chemicals B.V.,0.3333333333333333,104.66666666666667,1
167,"Agrakem Quimicos, SL",0.42857142857142855,15.785714285714286,6
168,Keeling & Walker Ltd.,0.0,0.0,0
169,ANNO Chemicals nv,0.8,107.31304347826087,92
170,INVISTA Polyester B.V.,1.0,232.0,1
171,Norchem Polyesters LLC,0.2857142857142857,26.428571428571427,4
172,Titandix Vertriebs GmbH,0.8,105.6,4
173,PROPLAST KIMYEVİ MADDELER SAN. TİC. LTD. STI.,0.41304347826086957,26.652173913043477,19
174,Laboratorios Argenol SL,0.15384615384615385,3.3076923076923075,2
175,BOC Sciences,0.06470881035340965,3.896963663514186,130
176,ALDROIN SL,0.9,174.9,9
177,KRAHN CHEMIE POLSKA Sp. z o.o.,0.5,193.0,1
178,Top Agrochem,0.2571428571428571,26.677142857142858,90
179,Will & Co BV,0.5,50.666666666666664,6
180,Pro-Eko Srl,0.14285714285714285,14.857142857142858,1
181,Alfa Chemistry,0.017726798748696558,0.7591240875912408,17
182,Lithos Natural GmbH,0.0,0.0,0
183,ARKEM Chemicals,0.8688524590163934,134.29508196721312,53
184,ADD-Chem Germany GmbH,0.26666666666666666,10.4,4
185,Sagar Speciality Chemicals Private Limited,0.2857142857142857,11.285714285714286,4
186,Caramba Bremen GmbH,0.5,240.0,1
187,Sunkem A.Ş.,0.0,0.0,0
188,VladaChem GmbH,0.03783178214408824,2.492847294036539,439
189,ALDODEI 1946 di Giacomo Bertolio D.I.,1.0,55.0,1
190,QP Germany OHG,1.0,22.0,1
191,"Canaltravel Exports, S.L.",0.0,0.0,0
192,CID,0.6,32.1,6
193,LKAB Minerals B.V.,0.0,0.0,0
194,C5 Innovation Aps,0.0,0.0,0
195,Shakti Chemical Industries,0.0,0.0,0
196,MOLAR bvba,0.8939393939393939,176.65151515151516,59
197,Integrated Chemicals Specialties BV,0.6666666666666666,24.0,4
198,Inchem Kimya Sanayi ve Dis Ticaret Limited Sirketi,0.75,76.5,3
199,B M Paper Packaging,0.0,0.0,0
200,The Masterbatch Company,0.0,0.0,0
201,Sheri Trading Co,0.3225806451612903,32.70967741935484,10
202,B.T.G. - SOL GROUP,0.0,0.0,0
203,Eninco Engineering B.V.,0.5,42.0,1
204,Teknova Matbaacilik Kimya Sanayi ve Ticaret A. Ş.,0.2727272727272727,40.90909090909091,3
205,Baltic Composites and Fragrance,0.3333333333333333,13.0,1
206,Aldur Maden Ltd Sti,0.0,0.0,0
207,SACEA S.R.L.,0.0,0.0,0
208,Zeolites Production,0.0,0.0,0
209,Beckmann-Kenko GmbH,0.17903930131004367,15.056768558951966,41
210,Resiplast,0.4,79.4,2
211,Sova Chemicals Co,1.0,37.0,1
212,Coftech GmbH,0.2857142857142857,16.0,2
213,Perechyn Timber Chemical Plant,0.42857142857142855,190.42857142857142,3
214,HELM AG,0.8181818181818182,201.72727272727272,18
215,SYMBIAGRO SRL,0.0,0.0,0
216,Vagdevi InnoScience Private Limited,0.0,0.0,0
217,Dominik Georg Luh Technografit GmbH,0.5,16.4,5
218,Jenrashid Consultants,0.0,0.0,0
219,EcoSphere Speciality,0.6153846153846154,42.23076923076923,8
220,SYNERGY COMMODITIES LTD,1.0,710.0,1
221,INTERPUR CHEMICALS S.L.U,0.2692307692307692,24.96153846153846,14
222,Punjab Rosin & Chemicals Works,0.5,11.0,1
223,Superior Spirits Ltd,1.0,489.5,4
224,Healy Group Europe B.V.,0.6875,48.5,11
225,XP Chemistries AB,0.0,0.0,0
226,SHREE GANESH ENTERPRISES,0.0,0.0,0
227,Salicylates and Chemicals Pvt. Ltd.,1.0,14.0,1
228,Mertler End. Mad. Teks San. ve Tic. Ltd. Şti.,0.0,0.0,0
229,Calibre Chemicals Pvt Ltd.,1.0,19.0,1
230,La Hemija doo,0.0,0.0,0
231,Matrix Fine Chemicals GmbH,0.0,0.0,0
232,Metakern Latvia SIA,0.0,0.0,0
233,industrial protective paints ltd,0.0,0.0,0
234,KEMAT,0.125,6.9375,2
235,Kreide-Farbenwerk Rügen GmbH,0.5714285714285714,41.142857142857146,4
236,iStrategia,0.0,0.0,0
237,Tricura GmbH & Co.KG,0.723404255319149,108.44680851063829,34
238,Universal Chemicals,0.0,0.0,0
239,"SILON, s.r.o.",0.6666666666666666,148.66666666666666,2
240,Denkim Denizli Kimya A.Ş.,1.0,25.0,2
241,Yillar Madencilik iç ve dış tic san ltd şti.,1.0,480.0,1
242,SHAKTI CHEMICALS,0.0,0.0,0
243,Alumichem,0.0,0.0,0
244,Paxymer AB,0.0,0.0,0
245,VAC minerais,1.0,66.0,1
246,"UAB ""Transoila""",0.9285714285714286,270.64285714285717,13
247,ANV Trader,0.6,24.0,3
248,BRIJESH CHEMICALS,0.25,6.75,1
249,Konimpex Chemicals Sp. z o.o.,0.27906976744186046,28.651162790697676,12
250,JAL AQUA INTERNATIONAL,1.0,39.0,1
251,Stephan Schmidt KG,1.0,21.0,1
252,DC Solutions s.r.o.,0.0,0.0,0
253,Eksotein GmbH,1.0,480.0,1
254,Gujarat Metals And Chemicals Company,0.7777777777777778,175.88888888888889,7
255,PJSC Pigment,0.5,61.5,1
256,SERDAROGLU GRUBU A.Ş.,0.0,0.0,0
257,Brenntag UK and Scandinavia,0.336283185840708,49.69911504424779,38
258,A. + E. Fischer-Chemie GmbH Co. KG,0.7176470588235294,128.7058823529412,61
259,LEPID LIFE SCIENCES PVT LTD,0.30303030303030304,10.393939393939394,10
260,20 Microns Limited,0.5,14.9,5
261,Chirag Enterprise,1.0,152.0,1
262,ÇİFTÇİLER YAĞ SANAYİ VE TİCARET LİMİTED ŞİRKETİ,0.0,0.0,0
263,Aditya Soyatech,1.0,71.0,1
264,Khandelwal Orgosol Pvt. Ltd.,1.0,370.0,1
265,VN - UNITEK JSC,0.6666666666666666,42.0,2
266,NAVSCAPE INTERMED,0.6666666666666666,400.3333333333333,2
267,Para Food,0.0,0.0,0
268,STENFY CHEM,0.6296296296296297,29.77777777777778,17
269,Kowa Europe GmbH,0.10069444444444445,7.694444444444445,29
270,Pentagon chemicals,0.9375,153.6875,15
271,Molekula GmbH,0.06844576229305659,5.402273288855943,277
272,ARIIX PRODUCTS INDIA PVT LTD,0.46153846153846156,24.53846153846154,12
273,CONSTAB Polyolefin Additives GmbH,0.25,96.5,1
274,Dynasty Industries,0.0,0.0,0
275,DR. SILVIU PHARMACHEM PVT.LTD,0.0,0.0,0
276,Stea s.r.l.,0.8378378378378378,126.13513513513513,31
277,SEMKIM Boya ve Kimyevi Mad. San. Tic. Ltd. Şti.,1.0,33.0,3
278,Jay Intermediates And Chemicals,0.0,0.0,0
279,ATUL RUBBER PROCESSORS PVT LTD,1.0,35.0,1
280,M/s. Pacific Texchem Pvt Ltd,0.6,15.4,3
281,Chemispec,0.3333333333333333,14.11111111111111,3
282,Kanami d.o.o,0.6666666666666666,425.0,2
283,ELEMENT ENTERPRISES,0.0,0.0,0
284,LEFA TEMSILCILIK,0.0,0.0,0
285,OQ Chemicals GmbH,0.3333333333333333,21.866666666666667,10
286,Artigum GmbH,0.22807017543859648,22.157894736842106,13
287,"NAM PHONG INDUSTRY CO., LTD",1.0,14.0,1
288,Kempro Kimyasal Mad. ve Dis. Tic. A.S.,0.0,0.0,0
289,ULIX Innovation,1.0,84.0,1
290,Median Tax Deed LLC,1.0,140.0,3
291,Atic Kimya,1.0,42.0,1
292,VASISTA PHARMA CHEM PRIVATE LIMITED,0.0,0.0,0
293,"CIMAI - Engenharia e Química Avançada, Unipessoal Lda",1.0,458.5,2
294,Parv Industries,1.0,437.0,1
295,Kuraray Europe GmbH,1.0,79.0,2
296,ProChem Solutions,1.0,14.0,1
297,Sunrise Enterprise,0.0,0.0,0
298,Erlon Sp. z o.o. sk.,1.0,49.0,1
299,Reinert,0.0,0.0,0
300,GEOHELLAS S.A,0.0,0.0,0
301,Evonik,0.6,84.6,3
302,Stereokem,0.0,0.0,0
303,Nishant Organics Pvt. Ltd.,0.5,10.0,1
304,OCSiAl,0.0,0.0,0
305,Rubamin Private Limited,0.3333333333333333,4.333333333333333,1
306,BARCHEMICALS s.r.l,1.0,39.0,1
307,LAPASSE ADDITIVES CHEMICALS,0.0,0.0,0
308,Bioinagro srl,0.0,0.0,0
309,Karl Zimmermann GmbH,0.0,0.0,0
310,DOGA BIOTECH,0.0,0.0,0
311,MABAYCO ENDÜSTRİYEL ÜRÜNLER LTD. ŞTİ.,0.0,0.0,0
312,Crafted Spirits,1.0,637.5,2
313,Cortex Organics,0.0,0.0,0
314,LBI oil free GmbH,1.0,27.0,1
315,GASES RESEARCH INNOVATION AND TECHNOLOGY,0.6666666666666666,199.33333333333334,2
316,PROLIFE BIO-CHEMICAL INDUSTRIES,0.0,0.0,0
317,"Cosutin Industrial Co., Limited",0.25,3.25,1
318,Mayantu,0.0,0.0,0
319,BIOPREMIUM KFT,0.0,0.0,0
320,Echemi Solutions GmbH,0.5669291338582677,42.976377952755904,72
321,Lidorr Elements,0.20689655172413793,10.551724137931034,12
322,LG Hemija d.o.o.,0.42857142857142855,66.0,3
323,"Polymer Loop, S.L.",1.0,60.0,1
324,SERKİM REÇİNE KİMYA SAN. TİC. İTH. İHR. LTD. STİ.,0.0,0.0,0
325,Himipex Oil,0.5,112.0,1
326,Asal Boya Kimya San. Tic Ltd Sti,0.42857142857142855,6.714285714285714,3
327,HSH-Chemie Serbia,1.0,39.5,2
328,"Medir Ferrer y CIA, S.A.",1.0,79.0,2
329,Röhm GmbH,0.0,0.0,0
330,Radix Conia Makina Techizat Otomotiv Gida Ith. Ihr. San. Tic. LTD. STI,1.0,35.0,1
331,Best Ticaret Sanayi İthalat İhracat,0.5,11.0,1
332,ALCON CIA DE ALCOOL CONCEICAO DA BARRA,1.0,480.0,1
333,Onyx Oil Ltd,1.0,795.0,1
334,Intumescent Chemcials,1.0,795.0,1
335,Chemos GmbH & Co.KG,0.25,113.75,3
336,Chemische Fabrik Budenheim KG,0.3333333333333333,6.888888888888889,6
337,STOCKMEIER CHEMICALS BELUX N.V.,0.8125,144.375,52
338,STERA CHEMICALS SRL,0.875,187.25,14
339,"Cales de Llierca, S.A.",0.6666666666666666,82.83333333333333,4
340,Metalimex a.s.,0.0,0.0,0
341,"G&C Colors, S.A.",0.4,6.2,2
342,Carus Europe,0.5,14.0,1
343,Shanpar Industries Pvt Ltd.,0.08849557522123894,2.920353982300885,10
344,Sino-Aluminas Ltd,0.4,15.2,2
345,NANOVISION,0.0,0.0,0
346,Tradebe Chemicals,0.7352941176470589,150.97058823529412,25
347,Lapointe Gıda İth. İhr. ve Tic. Ltd. Şti.,1.0,483.5,2
348,Remet UK LTD,1.0,38.0,1
349,R-PLASTIND ROCN SRL,1.0,60.0,1
350,Bayegan,0.8717948717948718,166.0,34
351,Lebon,0.7692307692307693,226.30769230769232,10
352,RBH LTD,0.47368421052631576,63.39473684210526,18
353,CSC Jäklechemie,1.0,234.0,1
354,chemiekontor.de,0.7058823529411765,95.47058823529412,12
355,Indusun Drilling Fluids Private Limited,0.0,0.0,0
356,4CR International GmbH & CO KG,0.45714285714285713,58.74285714285714,16
357,peri kimya,0.8936170212765957,203.82978723404256,42
358,EKLINGJEE POLYMERS PVT. LTD.,0.35714285714285715,40.5,5
359,CFI World,0.6666666666666666,393.6666666666667,2
360,Siliconi commerciale Spa,0.0,0.0,0
361,Kolon Industries,0.0,0.0,0
362,seven deuce trading GmbH,1.0,264.5,2
363,KSAN SIA,0.6666666666666666,187.88888888888889,6
364,Evonik Coating Additives,0.0,0.0,0
365,Toliman OY,1.0,795.0,1
366,IMPAG Import GmbH,0.37962962962962965,23.5,41
367,"OOO ""IRRC Fragmit""",0.0,0.0,0
368,Five Star General S.L.,0.3333333333333333,123.33333333333333,1
369,KTM KİMYEVİ MADDELER İTHALAT İHRACAT SAN. VE TİC. A.S.,0.835820895522388,125.55223880597015,56
370,Sauradip Chemical Industries Pvt. Ltd.,0.0,0.0,0
371,DKSH,0.6,142.2,3
372,Fagron sp. z o.o,1.0,600.5,2
373,Lansin,1.0,637.5,2
374,Wilh. Willumsen AS,0.0,0.0,0
375,Auxicolor S.L. (Grupo UNITS),0.0,0.0,0
376,Bhageria Industries Limited,0.09090909090909091,19.727272727272727,1
377,Performance Lubricants,0.5238095238095238,102.23809523809524,11
378,Sunsmit Dyechem Pvt Ltd,1.0,73.0,1
379,Mitsui & Co. Deutschland GmbH,0.8,186.9,8
380,C&G Pigment Europe GmbH,0.5,7.75,2
381,Kimteks Kimya Tekstil ürünleri Tic. A.S.,0.625,69.125,5
382,Anex by Interplast Kimya San. ve Tic. A.S.,0.25,10.5,1
383,ChiraSol GmbH,0.0,0.0,0
384,Aryan Chemicals Private Limited,0.0,0.0,0
385,GOLDEN WAY İNTERNATİONAL İTHALAT İHRACAT VE İŞDANIŞMANLIĞI LİMİTED ŞİRKETİ,0.9,284.3,9
386,Unicell Poland,0.0,0.0,0
387,Petrovlis Chemicals,0.0,0.0,0
388,CANTON LABORATORIES PVT. LTD,0.4397163120567376,37.36879432624114,62
389,Chiyuen International Trading Limited,1.0,43.0,1
390,ProComm Chemicals Ltd,0.9230769230769231,275.84615384615387,12
391,MINE COLOURS,0.2857142857142857,11.571428571428571,4
392,Dinesh Fabricated Mica Works,0.0,0.0,0
393,EXPOQUIMXEL – INDÚSTRIA DE PRODUTOS QUÍMICOS LDA,0.6060606060606061,159.87878787878788,20
394,SP ENTERPRISES,0.25,10.75,1
395,ACSCHEM Pte Ltd,0.0,0.0,0
396,ma.gi.co. srl,0.42857142857142855,24.857142857142858,3
397,Sarna Chemicals Pvt Ltd,0.0,0.0,0
398,Suwarna Industries,0.0,0.0,0
399,SINTEZA SA,1.0,86.0,1
400,Georges S Daras,0.5,7.5,1
401,GenoSynth GmbH,0.0,0.0,0
402,Quality Quartz,0.0,0.0,0
403,INTER-HEM DOO,0.875,152.95833333333334,42
404,Ascot International (1996) Ltd.,0.2714285714285714,12.885714285714286,19
405,Pexa Ltd,0.0,0.0,0
406,Midas Pharma GmbH,0.2727272727272727,76.27272727272727,3
407,FREE FLUID LTD,1.0,480.0,1
408,Химпищеаромат (Khimpishchearomat LLC),0.75,157.25,3
409,Leena Organics Pvt Ltd,0.2,46.2,1
410,ALTIN ATES KIMYA ANONIM SIRKETI,1.0,32.5,2
411,Addi-tec Ltd,0.546875,53.375,35
412,Unitrade Corporation,0.5,193.0,1
413,AMF Life,0.0,0.0,0
414,"MINERALS RESOURCES - DEVELOPMENT, S.A.",1.0,31.0,1
415,POLARIS ORES,0.25,10.125,2
416,Detonovo Foods,0.0,0.0,0
417,Khushi Dyechem,0.01818181818181818,0.2545454545454545,2
418,UDO Mining,1.0,31.0,1
419,Earth Enterprises,0.0,0.0,0
420,Asianol Lubricants Ltd,0.0,0.0,0
421,Narsipur Chemicals Pvt ltd,0.25,10.5,1
422,Prakash Chemicals Europe B.V.,0.625,106.73214285714286,35
423,Silvaco A/S,0.0,0.0,0
424,Wembley Chemicals and Supplies LTD,0.5,90.875,4
425,Polytrade Global GmbH,0.0,0.0,0
426,SAFIC-ALCAN RUS,0.0,0.0,0
427,Cosmetica Bolognese,0.0,0.0,0
428,Polichem Trade Kimya Turkey,0.0,0.0,0
429,Polymer Corp LLC,1.0,60.0,1
430,MRV Mineral- und Rohstoffvertrieb GmbH,0.9166666666666666,269.25,11
431,Samyang Biophamraceuticals Corp.,0.0,0.0,0
432,JSC Karpov Chemical Plant,0.5,23.833333333333332,3
433,MADKIM MADEN VE KIMYA SAN. VE TİC. LTD. STI.,0.25,10.0,1
434,TERRAZO DE MEXICO,1.0,66.0,1
435,"Handan Shijia Chemical Technology Co.,ltd",0.0,0.0,0
436,Anshika Polysurf Limited,0.0,0.0,0
437,"Tuan Tsuki Vietnam Co.,Ltd",0.0,0.0,0
438,Kaustik Europe B.V.,0.8333333333333334,143.5,5
439,B.K.M. DANISMANLIK VE SOSYAL HIZMETLER TEKSTIL SANAYI TLS,0.6470588235294118,184.2941176470588,11
440,Primma Pharma Chem,1.0,217.0,1
441,"HELIOS TBLUS, d.o.o.",0.6,13.8,3
442,Mansur Global AB,0.0,0.0,0
443,Rain Carbon Germany GmbH,0.0,0.0,0
444,Rebain International (NL) B.V.,0.875968992248062,129.68217054263565,113
445,MARFRAN®,0.625,35.875,5
446,MEHTA OIL INDUSTRIES,0.0,0.0,0
447,PT.GLOBAL CHEMINDO INTERNASIONAL,0.0,0.0,0
448,Reys Portugal,0.6470588235294118,165.35294117647058,11
449,MUDRA ENTERPRISES,0.0,0.0,0
450,YUSHUN NEW MATERIALS,0.0,0.0,0
451,"SwiSS-9, GmbH",1.0,13.0,1
452,SEABERT CHEMICALS PVT LTD,1.0,66.0,1
453,CHMEO TRADING PVT LTD,0.5818181818181818,94.50909090909092,32
454,Paramount Enterprises,0.0,0.0,0
455,Healthguard Hygiene Limited,1.0,480.0,1
456,GUJARAT MULTI GAS BASE CHEMICALS PVT. LTD.,0.3333333333333333,28.0,1
457,Simon Pars,0.0,0.0,0
458,Arham Petrochem,1.0,141.33333333333334,3
459,NanoScientifica Scandinavia AB,0.0,0.0,0
460,UAB Parchemika,0.6666666666666666,114.66666666666667,4
461,BEL Sp. z o.o,0.25,120.0,1
462,Nuvola İç ve Dış Ticaret,0.3333333333333333,7.333333333333333,1
463,QMEA Chemical Solutions,0.26666666666666666,23.3,8
464,"Jinan Huashihang Chemical Co., Ltd",0.3333333333333333,8.333333333333334,1
465,Jivika Chem International LLP,0.0,0.0,0
466,Avanzare Innovación Tecnológica S.L.,0.0,0.0,0
467,Belchem Industries (India) Pvt. Ltd.,0.0,0.0,0
468,EURIKAS BV,0.5,8.5,1
469,Tiara Development,0.0,0.0,0
470,VIO Chemicals,0.07692307692307693,1.6153846153846154,1
471,VIO AG PHARMACEUTICALS,0.0,0.0,0
472,"TOROZA QUIMICA, S.A. DE C.V.",0.0,0.0,0
473,Blackburn Chemicals Limited,0.0,0.0,0
474,VALEX GROUP LLC,0.0,0.0,0
475,Dr. Jet Health Advance Trading,1.0,545.0,1
476,Innoract,0.0,0.0,0
477,"JINWOO TRADING CO., LTD.",0.0,0.0,0
478,Chem-Pros Net,0.16666666666666666,3.1666666666666665,1
479,Test Supplier company,0.5,19.0,1
480,Integral Petroleum SA,0.0,0.0,0
481,JSC South Urals Magnesium Compounds plant,1.0,16.0,1
482,J.M.D. Enterprises,1.0,46.0,4
483,BRMMARKETING BRMESSENTIALOILS,0.0,0.0,0
484,Atul Europe Ltd,0.1,71.0,1
485,Pidilite Industries Limited,0.0,0.0,0
486,PROREUSE SRLS,0.36363636363636365,29.818181818181817,4
487,ZAR DYECHEM,0.0,0.0,0
488,Sorbead India,0.0,0.0,0
489,Centro-Chem,0.6722689075630253,77.47899159663865,160
490,Ergam Life Sciences Pvt.Ltd.,0.0,0.0,0
491,Zhermack spa,0.0,0.0,0
492,Marubeni,0.5,30.875,4
493,"Shijiazhuang Xinlongwei Chemical Co., Ltd.",1.0,249.0,5
494,LLC UMANHIMTRADE Ukraine,0.5,141.66666666666666,3
495,solvadis distribution gmbh,0.8421052631578947,152.3684210526316,32
496,OQEMA Sp. z o.o.,0.6035242290748899,69.43612334801762,137
497,Covestro Deutschland AG,0.75,192.75,3
498,Active Specialities,0.0,0.0,0
499,Bluestone Metals and Chemicals,1.0,33.0,1
500,Rebain International (España) S.L.,0.7666666666666667,99.17777777777778,138
501,REG Chemicals Ltd,0.2857142857142857,11.571428571428571,2
502,Golchha PIGMENTS,1.0,14.0,1
503,Veeraco Colourants Pvt. Ltd.,0.0,0.0,0
504,Castor International B.V.,0.5172413793103449,63.86206896551724,30
505,Supreme Micro Minerals Pvt. Ltd.,0.0,0.0,0
506,SIAD S.p.A.,0.09090909090909091,5.818181818181818,1
507,Craft Resin Limited,0.0,0.0,0
508,Cinkarna Celje d.d.,0.3333333333333333,128.66666666666666,1
509,widmann solutions GmbH,0.3225806451612903,37.096774193548384,10
510,Diffutherm BV,0.6666666666666666,41.666666666666664,2
511,"Zhengzhong Enamel Co.,Ltd",0.0,0.0,0
512,"METALOR TECHNOLOGIES (IBÉRICA),  S.A.",0.0,0.0,0
513,ECEM bv,0.0,0.0,0
514,Gamma Chimica Spa,0.6,11.4,3
515,Krisha Chem Industries,0.0,0.0,0
516,Gemini Corporation Nv,0.0,0.0,0
517,UP Catalyst,0.0,0.0,0
518,visa chem private limited,0.0,0.0,0
519,DİGİTEXİNK BOYA VE KİMYA SANAYİ TİC.LTD.ŞTİ.,0.0,0.0,0
520,AISAKOS SA,1.0,386.0,1
521,TER Chemicals – BU CASE,0.21052631578947367,8.894736842105264,8
522,"Thanapom Chemical Co .,ltd",0.7,108.8,7
523,OQEMA AG,0.3614190687361419,37.25942350332594,163
524,"OQEMA, s.r.o.",0.6360544217687075,64.83673469387755,187
525,Novochem Ltd.,0.6071428571428571,70.28125,136
526,LEVACO,0.0,0.0,0
527,SAI ADVERTISING,0.0,0.0,0
528,"Jostrong (Tianjin) Technology  Co., Ltd",0.0,0.0,0
529,Oqema EOOD,0.6061946902654868,69.7433628318584,137
530,Likit Kimya AS,0.0,0.0,0
531,NanoProf's Holland,0.0,0.0,0
532,SPECIFIC POLYMERS,0.0,0.0,0
533,Vink Chemicals GmbH & Co. KG,0.4,41.97142857142857,14
534,Integra Plastics,1.0,60.0,1
535,OQEMA d.o.o.,0.6044444444444445,68.68888888888888,136
536,Arion-Prom,1.0,96.0,1
537,Fluechem Limited,0.6666666666666666,541.0,2
538,PRODUCTOS METAL PLAST S.L,0.0,0.0,0
539,ZS Latvia bee,0.0,0.0,0
540,Honey Sugar Product,1.0,79.0,1
541,Gospodarstwo Pasieczne – Pasieka Jurajska sp. z o.o.,0.0,0.0,0
542,BALMTA Ethanol,0.0,0.0,0
543,GB-Chemie GmbH,0.4752475247524752,43.62871287128713,96
544,CELIAS d.o.o.,0.3333333333333333,16.666666666666668,1
545,Prakash chemicals,0.0,0.0,0
546,Bactitox Uk Limited,0.0,0.0,0
547,ISK Metal Kimya,1.0,14.0,1
548,SPEX GROUP SP.Z O.O.,0.6666666666666666,326.0,2
549,Şanlıgazi - Mehmet Özdemir Şanlıgazi Temizlik Malzemeleri,1.0,710.0,1
550,Telkes Gép,0.0,0.0,0
551,PT INDONESIA BENTONITE,0.0,0.0,0
552,UAB Oqema,0.6150627615062761,69.66108786610879,147
553,Gri Beyaz,0.6470588235294118,134.64705882352942,11
554,Simmi Enterprises,1.0,58.0,1
555,MCW Müller Chemikalien Wertstoffe GmbH,0.9333333333333333,293.4,14
556,Ronda GmbH,0.0,0.0,0
557,NHAT HUY INVESTMENT JOINT STOCK COMPANY,0.6666666666666666,42.0,2
558,CNP Polymer GmbH,0.0,0.0,0
559,GYAN FLAVOURS EXPORT,0.0,0.0,0
560,Vatsalya Enterprise,0.0,0.0,0
561,IZEL KIMYA SANAYI VE TIC. A.S.,0.8888888888888888,109.66666666666667,8
562,BISON Group Ltd,0.0,0.0,0
563,Multitubes Group,0.0,0.0,0
564,anatolia kimya,0.6666666666666666,212.66666666666666,6
565,AZIMAX PETROL GIDA ENERJI INSAAT TURIZM DANISMANLIK TEKSTIL VE SAN TIC IHR.ITH. LTD STI,1.0,60.0,1
566,AGRI-ESSENCE (SINGAPORE) Co Pte Ltd,0.0,0.0,0
567,SAI ADVERTISING,0.0,0.0,0
568,Sparrowings International,0.003125,0.04375,1
569,"CopperSMART, LLc",0.0,0.0,0
570,ACC KIMYA SANAYI VE DIS TICARET LIMITED SIRKETI,0.0,0.0,0
571,TC-Bromine,1.0,24.0,1
572,J.M Enterprise,0.0,0.0,0
573,Granulite,0.0,0.0,0
574,Fortuna Kimya Mum. Tic. Ltd. Sti.,0.6,191.4,6
575,fmy chemical medical build co,0.0,0.0,0
576,DAKO AG,0.15384615384615385,8.384615384615385,2
577,Shree Sonal Mines,0.0,0.0,0
578,GLOBAL EXPRO,0.2777777777777778,76.38888888888889,5
579,FARMA QUIMICA SUR S.L.,0.0,0.0,0
580,Helioenergia Sp. z o.o.,0.0,0.0,0
581,Sarex Overseas Div. of Saraf Chemicals Pvt. Ltd.,0.0,0.0,0
582,pine chemicals,0.0,0.0,0
583,YAPICHEM CHEMICAL COMPANY,0.3333333333333333,39.333333333333336,1
584,Chem Factory SRL,0.0,0.0,0
585,SUM Kimya San. ve Tic. A.S.,0.0,0.0,0
586,PMC OUVRIE,0.0,0.0,0
587,M/S FORACE POLYMERS PVT LTD,0.0,0.0,0
588,PT. Arkananta Lestari Energina,0.0,0.0,0
589,Sonic Biochem Extractions Pvt. Ltd.,1.0,71.0,1
590,"MODERN DYESTUFFS & PIGMENTS CO.,LTD",0.0,0.0,0
591,Marko KEA,0.0,0.0,0
592,Chimica del Lazio srl,0.9285714285714286,276.5,13
593,COIM SPA,0.0,0.0,0
594,OQEMA Ukraine LLC,0.6666666666666666,79.66666666666667,10
595,KONSTANTINIDIS BROS,1.0,231.5,2
596,SC COMES SA,0.0,0.0,0
597,Nanorbital Advanced Materials LLP,0.0,0.0,0
598,Kazanorgsintez,0.0,0.0,0
599,Hürkimsa Kimya San.Tic.A.Ş.,0.0,0.0,0
600,Kimpur,0.0,0.0,0
601,AKPA KIMYA AMBALAJ SANAYI VE TICARET ANONIM SIRKETI_S,0.10416666666666667,7.375,5
602,XATICO GROUP Sàrl.,0.45,15.0,9
603,Transmare CHEMIE,0.5121951219512195,70.53658536585365,21
604,DERIVADOS DEL FLUOR SAU,0.22727272727272727,6.818181818181818,5
605,RodaChem bv,1.0,77.0,1
606,Molkem Chemicals Pvt. Ltd,0.03724928366762178,3.5859598853868193,26
607,RENTECH,1.0,66.0,1
608,Weylchem Performance Products GmbH,0.0,0.0,0
609,MERYT Catalysts & Innovation,0.25,5.0,1
610,ALUCOM AG,0.3333333333333333,10.833333333333334,2
611,Wetraoil GmbH,0.16666666666666666,8.166666666666666,1
612,SUNSHINE EXPORTS,0.0,0.0,0
613,PARTH INTERCHEM,0.0,0.0,0
614,Kraus GmbH,0.5,126.5,6
615,Roha Simpsons,0.0,0.0,0
616,Glc Química,0.0,0.0,0
617,PROSILICONES64,0.6666666666666666,102.33333333333333,2
618,KEMCO,1.0,16.0,1
619,SOLIMIX S.A,0.0,0.0,0
620,AXCENTIVE SARL,0.3333333333333333,6.833333333333333,2
621,GRANUDAN RELEASE COATS,0.6666666666666666,183.16666666666666,4
622,Bimaks Chemicals,0.0,0.0,0
623,GEH Wasserchemie GmbH & Co. KG,0.0,0.0,0
624,Saha Metal San. Tic. Ltd. Şti.,1.0,55.0,1
625,Blutizer Chemicals and Cosmetics Ltd,1.0,480.0,1
626,MM INDUSTRIES,1.0,66.0,1
627,Arpadis Benelux NV,0.36585365853658536,36.72357723577236,45
628,Tradege,0.0,0.0,0
629,2D KIMYA SANAYI,0.0,0.0,0
630,Pharma Greven GmbH,0.0,0.0,0
631,"Hubei New Desheng Materials Technology Co.,Ltd",0.0,0.0,0
632,CVH Chemie-Vertrieb GmbH & Co. Hannover KG,0.9263157894736842,146.94736842105263,88
633,Sanodyna Vietnam Co. Ltd,0.0,0.0,0
634,RENICHEM SL,0.625,121.625,10
635,"UAB ""RVC LOBIS""",1.0,165.5,2
636,Medi-clean technologies,0.6666666666666666,341.6666666666667,2
637,Heibechems co LTD,0.0,0.0,0
638,Agrifeed SRL,1.0,101.0,1
639,Polyment GmbH,0.5625,61.0,27
640,JSC Kurana,0.75,380.0,3
641,PCC Trade & Services GmbH,0.4444444444444444,60.166666666666664,16
642,SIMP - Importazione Materie Prime S.p.A.,0.7857142857142857,213.21428571428572,11
643,Pyrex Industries GmbH,0.25,30.75,1
644,"""BONUSTRADE"", TRADE AND PRODUCTION ENTERPRISE, LLC",0.38095238095238093,14.285714285714286,8
645,Hidrojen Peroksit Sanayi ve Ticaret A.S,1.0,437.0,1
646,HEMPLAB SP Z O O,0.0,0.0,0
647,Arkem Chemicals,0.9333333333333333,195.43333333333334,28
648,Illumine Consultants (Chemicals | Performance Materials),0.1111111111111111,8.0,1
649,Alcotra Europe SA,1.0,362.5,2
650,PT SCUDA,0.0,0.0,0
651,Xymertec Limited,0.0,0.0,0
652,TOYO INK EUROPE SPECIALTY CHEMICALS,0.0,0.0,0
653,Almamet GmbH,0.0,0.0,0
654,NEXUS Kimya,1.0,19.0,1
655,Nigtas AS,0.5714285714285714,71.0,4
656,Plastbud Sp. Zo.o,0.5,13.5,1
657,CALDIC FRANCE,0.3333333333333333,30.0,1
658,Vichemic Industries,0.7166666666666667,90.25,43
659,Acril - Nova srl,0.45714285714285713,47.97142857142857,16
660,KORUMA KLOR ALKALI SAN.VE TIC. A.S,1.0,90.0,1
661,Pro Health Solutions,0.0,0.0,0
662,Transpek Industry Limited,0.0,0.0,0
663,Adityapur Dies,0.3333333333333333,121.83333333333333,2
664,Trading House Energostroyinvest,0.6225165562913907,72.88741721854305,94
665,CFS Europe SpA,0.0,0.0,0
666,LabKontor GmbH,0.1710914454277286,13.138643067846608,58
667,jowo chemie GmbH,1.0,386.0,1
668,Livam GmbH,0.0,0.0,0
669,Timmer Sealer Technology,0.0,0.0,0
670,Garzanti Specialties SpA,0.32,32.56,16
671,Newport Industries Ltd,0.8571428571428571,202.85714285714286,6
672,Epirus Cosmetics,0.0,0.0,0
673,ARTIBAL,0.0,0.0,0
674,"LESOKHIMIK, OAO",0.3333333333333333,7.333333333333333,1
675,Vitaforest LLC,0.0,0.0,0
676,Protech Enterprise UK,1.0,364.5,2
677,VAIKASH EXIMS,0.0,0.0,0
678,Zantye Agro Industries,0.0,0.0,0
679,Swasti Exports,0.3711151736745887,35.892138939670936,203
680,Adobaser Mining Co,1.0,50.0,1
681,CNI Kft,0.875,193.6875,14
682,PICTA NATURAL INGREDIENTS,0.0,0.0,0
683,JENGO SPA,0.0,0.0,0
684,CHEMSOLL,0.8333333333333334,228.83333333333334,15
685,PROVENÇALE SA,1.0,66.0,1
686,ADEKA Polymer Additives Europe,0.1,1.3,1
687,KEYSER MACKAY FRANCE ET COMPAGNIE,0.36363636363636365,41.36363636363637,4
688,Libra Speciality Chemicals,0.3055555555555556,40.27777777777778,11
689,Sate Gıda ve Kimya San. ve Tic. Ltd. Şti,0.0,0.0,0
690,Smart Invest Holdings Limited,1.0,203.5,2
691,Westerhuis Trading,1.0,59.5,2
692,Harzer Zinkoxide GmbH,1.0,55.0,1
693,Ursa Sanayi Hammaddeleri Ltd. Şti.,0.32142857142857145,31.857142857142858,9
694,Hangzhou Foreign Economic Relations and Trade Service Co Ltd,0.0,0.0,0
695,PentaCarbon GmbH,1.0,50.0,1
696,Chemark ApS,0.8717948717948718,143.17948717948718,34
697,JSC Kurgansemena,0.0,0.0,0
698,Elan impex,0.0,0.0,0
699,Jiaan Biotech,1.0,18.0,1
700,Elso Kimya,0.0,0.0,0
701,RCMPA Polishing Technologies Private Limited,0.0,0.0,0
702,CSR Plastic,1.0,60.0,1
703,Viktor Flach,0.5,68.0,1
704,chem 2004 cv,1.0,416.0,2
705,MB GROUP EXPERTISE SOLUTION SRL,0.0,0.0,0
706,Ralin B.V.,0.9285714285714286,132.8095238095238,39
707,TEOS Industries,0.6666666666666666,28.0,4
708,GRUPO ANDINO DE INVERSIONES SAC,0.0,0.0,0
709,"Wuhan Bosman Medicine Technology Co., Ltd.",0.0,0.0,0
710,Clariant AG,0.0,0.0,0
711,Alder Chemicals,0.0,0.0,0
712,Propokan Pro d.o.o.,0.0,0.0,0
713,Zavod Kronakril LLC,0.3333333333333333,10.666666666666666,1
714,Chematek,0.11764705882352941,4.294117647058823,2
715,Camelina Company España,0.0,0.0,0
716,Rozachim JSC,0.8571428571428571,258.42857142857144,12
717,Anstar Ltd,0.16666666666666666,5.333333333333333,5
718,Richard Steinebach Chemikalien GmbH & Co. KG,0.5,20.0,1
719,"SPOLCHEMIE - Spolek pro chemickou a hutní výrobu, a.s.",0.0,0.0,0
720,Oduvanchik,0.0,0.0,0
721,YILDIZ YAPI KIMYASALLARI SAN. VE TIC. LTD. STI.,0.0,0.0,0
722,NeoGraf Solutions,1.0,27.0,1
723,Matachem,0.0,0.0,0
724,"Zhejiang ZETian Fine Chemicals Co.,Ltd",0.007881773399014778,0.8438423645320197,16
725,Goonvean Fibres Ltd,0.3333333333333333,11.666666666666666,1
726,Kchimica S.R.L,0.09090909090909091,6.818181818181818,1
727,Birch Chemicals Limited,1.0,35.0,2
728,Severtek LLC,0.0,0.0,0
729,ARILCO DIŞ TICARET LIMITED ŞIRKETI,0.0,0.0,0
730,ARMINAKIL BENTONIT MADEN,0.0,0.0,0
731,Brimstone Kimya Sanayi ve Ticaret A.S.,0.0,0.0,0
732,Grafapol,1.0,278.46153846153845,13
733,Izolatii Conducte S.R.L.,1.0,17.0,1
734,Furnitur-BY LLC,0.0,0.0,0
735,COLORIFICIO MIGLIAVACCA 1919 SRL,0.0,0.0,0
736,Nostra Domum,1.0,40.0,1
737,Kemipex FZE,0.3333333333333333,16.666666666666668,1
738,Petroxim Chemicals by KNP Endustriyel,1.0,318.57142857142856,14
739,IngenUK Ltd,0.0,0.0,0
740,Günkem Gündüz Kimyevi Maddeler İthalat Sanayi ve Ticaret A.Ş.,0.5319148936170213,46.02127659574468,25
741,DMRSÜREN KİMYA LTD ŞTİ,0.6470588235294118,27.294117647058822,11
742,Fairchemical,0.0,0.0,0
743,Meraxis AG,0.42857142857142855,17.857142857142858,3
744,Noviara Ltd,0.0,0.0,0
745,DEUREX AG,0.3333333333333333,20.22222222222222,3
746,Eurospektras,1.0,24.0,1
747,SRI VASAVI SCIENTIFIC SOLUTIONS,0.0,0.0,0
748,etconstruct,1.0,29.0,1
749,Omya Vencac,1.0,26.0,1
750,Pranati Associates,0.3013698630136986,64.02739726027397,22
751,Forplast LLC.,1.0,60.0,1
752,Chemnovatic,0.6808510638297872,113.40425531914893,32
753,S.EC.AM srl,1.0,333.5,2
754,Omya Calcita,0.6666666666666666,67.41666666666667,8
755,Denge Kimya,0.0,0.0,0
756,GP4,0.5,13.5,1
757,Arsenal LTD,0.0,0.0,0
758,ALTAKEM CHEMICALS,0.5454545454545454,41.0,6
759,HSH Chemie GmbH,1.0,223.0,2
760,PANOXIDE BOYA SAN. TIC. LTD. ŞTI.,0.0,0.0,0
761,Alfred Kochen GmbH & Co. KG,0.6363636363636364,44.77272727272727,14
762,STS Group Chemicals,0.5070422535211268,54.32394366197183,36
763,PUHP Solvent Export-Import M.M.Cichońscy Sp.j.,0.8888888888888888,207.88888888888889,8
764,"Hubei xindesheng Material Technology Co., Ltd",0.0,0.0,0
765,Endorgen life sciences,0.0,0.0,0
766,Incorez Limited,0.0,0.0,0
767,Jakusz SpaceTech,1.0,437.0,1
768,DISACHIM,1.0,227.0,4
769,IBERQUIM PRODUCTS S.L.U,0.0,0.0,0
770,Strongblue A/S,1.0,913.0,1
771,Afiva LLC,1.0,297.45454545454544,11
772,AIP Associates,0.0,0.0,0
773,"Productos Paorga, S. L.",0.0,0.0,0
774,Xin Ji Da Pte Ltd,0.7213114754098361,77.44262295081967,44
775,Heneken,0.0,0.0,0
776,Alesta Trade İç ve Dış Ticaret AŞ,1.0,270.0,4
777,Nobian Industrial Chemicals BV,1.0,383.0,3
778,Ecochem International NV,0.4,14.2,2
779,Ruchak chemicals,1.0,90.0,1
780,Trim Teknoloji ve Servis A.S..,0.6746987951807228,130.53012048192772,56
781,Chemical Elements GmbH,1.0,494.0,2
782,Westbrook Resources,0.2,7.8,1
783,Chemical Plant of Fluoride Salts,0.0,0.0,0
784,TEHNO-CHEM DOO,0.7333333333333333,167.2,11
785,Ravago Chemicals Austria GmbH,0.825,141.425,33
786,Chemical Technologies SIA,0.5217391304347826,81.1304347826087,12
787,Adhesivos Candar SL,0.0,0.0,0
788,Coraplus PTE LTD,0.3333333333333333,16.666666666666668,1
789,Chemiprime Impex Private Limited,0.0,0.0,0
790,Eplaks Makina Kim.Mad.Ve İTH.İHR.LTD.STİ,1.0,140.66666666666666,3
791,Raichem SpA,1.0,16.0,1
792,Mitteo Trading & Investment,0.0,0.0,0
793,ChemEngg Research Pvt. Ltd.,0.0,0.0,0
794,Keyser&Mackay Poland Sp. z o.o.,0.5555555555555556,68.55555555555556,5
795,Azcor Tableware India Pvt Ltd,0.0,0.0,0
796,WTB Rohstoff,0.29591836734693877,39.16326530612245,29
797,Krahn Chemie Deutschland GmbH,0.3333333333333333,128.66666666666666,1
798,JOhn Murphy (Castlerea) Ltd,0.5,7.0,1
799,ISIK KIMYA,0.9565217391304348,194.41304347826087,44
800,REAKSİYON KİMYA,0.42857142857142855,26.535714285714285,12
801,Biomedgroup,0.0,0.0,0
802,Synovelle,0.25,3.25,1
803,Krystal Tech,0.0,0.0,0
804,Thrutek Applied Materials Inc.,0.0,0.0,0
805,Mikro Teknik Kimyevi Maddeler Lab. Malz. Cihazları San. ve Tic. Ltd Sti.,0.7666666666666667,114.90666666666667,115
806,PT TITIAN ABADI LESTARI,1.0,25.0,1
807,ATTIKA,0.0,0.0,0
808,Nordisk Perlite APS,0.0,0.0,0
809,Hanke + Seidel GmbH & Co. KG,0.5502283105022832,51.80365296803653,241
810,"Dongguan City Betterly New Materials Co., Ltd.",0.0,0.0,0
811,flame care gmbh,0.5,20.5,1
812,EpiValence Ltd,0.0,0.0,0
813,Covey International,0.4166666666666667,17.583333333333332,5
814,GlaxoSmithKline Pharmaceuticals Ltd,0.0,0.0,0
815,Akryl,0.0,0.0,0
816,BRinova Bioquímica LDA,0.0,0.0,0
817,ALLNEX BELGIUM,0.0,0.0,0
818,RC Tritec AG,0.0,0.0,0
819,MADENSEL MINING LTD.,0.0,0.0,0
820,Gastrim Europe Ltd,1.0,55.0,1
821,FlyKimya Boya,0.0,0.0,0
822,Orm Bergold Chemie GmbH & Co KG,1.0,200.66666666666666,3
823,Asilpax International b.v.,0.5,42.0,1
824,LA-Solution GmbH,0.7222222222222222,194.0,13
825,Green Miles Chemicals doo,0.417910447761194,20.0,28
826,Kajay Remedies Pvt Ltd,0.0,0.0,0
827,UAB “Paraffinum”,0.6666666666666666,21.0,4
828,Moser & ASSOCIATES,0.3333333333333333,9.0,1
829,BEAL GROUP LLC,0.0,0.0,0
830,FRA.MIC. SRL,0.5,25.25,2
831,"GM Chemical Co., Limited",0.0,0.0,0
832,Triwill Group,0.0,0.0,0
833,SOFTARED,1.0,95.0,1
834,Chemische Fabrik Wocklum Gebr. Hertin GmbH & Co. KG,0.9,283.1,9
835,Ankit Silicate,1.0,35.0,1
836,Mansi Chemicals,0.0,0.0,0
837,Lesun Chemicals B.V.,1.0,512.6666666666666,3
838,COSMER KİMYA SAN VE TİC A.Ş.,0.5869565217391305,83.52173913043478,27
839,Petro green,1.0,710.0,1
840,"Anhui Xinyuan Technology Co.,LTD",0.0,0.0,0
841,NORDIX CHEMICALS FACTORY d.o.o.,1.0,114.0,1
842,FINEAMIN SA,0.5,61.0,2
843,Atalimo SA,1.0,50.0,1
844,TETRA Chemicals Europe AB,1.0,64.5,2
845,Arcanum Chemical & Consultancy,1.0,42.0,1
846,Lily Chemicals Ltd,0.8048780487804879,111.78048780487805,33
847,Zimtrex,0.0,0.0,0
848,Polychem Handelsges.m.b.H.,0.0,0.0,0
849,Galaktika Ltd,0.0,0.0,0
850,EURASIA PETROL,1.0,47.5,2
851,"Chongqing Assen Power Equipment Co.,LTD",0.0,0.0,0
852,Biesterfeld Spezialchemie GmbH,0.48484848484848486,36.57575757575758,16
853,Jyoti Chemical Centre,0.0,0.0,0
854,Freya industries,0.0,0.0,0
855,damirco,0.0,0.0,0
856,Century Limited,1.0,110.0,1
857,Tano Minerals,0.0,0.0,0
858,FRAZAAR GmbH,0.0,0.0,0
859,Individual businessman,0.3333333333333333,41.333333333333336,1
860,Yelken Kimya Ith. Ihr. San. ve Tic. Ltd. Sti.,0.7894736842105263,208.47368421052633,15
861,Wright and Co,0.0,0.0,0
862,HTMC Group,0.5454545454545454,24.90909090909091,6
863,SOCOMORE,0.5,272.5,1
864,Chimtex Ltd.,0.52,85.32,13
865,Konark Chemie,0.0,0.0,0
866,Fodey Enterprises Ltd,0.0,0.0,0
867,Alfa Kimya A.Ş.,0.0,0.0,0
868,Watter BV,0.0,0.0,0
869,Carense,0.0,0.0,0
870,RAVAGO CHEMICALS UKRAINE LLC,1.0,795.0,1
871,"DAGE CAPITAL, UAB-Nan Pao",0.0,0.0,0
872,xperio impex,0.0,0.0,0
873,Reco-E GmbH,0.0,0.0,0
874,Guangzhou Yaoguang Technology,0.0,0.0,0
875,PQ Corporation,1.0,20.0,1
876,Oak&Wine,0.0,0.0,0
877,SiliXan,0.0,0.0,0
878,Narchemicals Kimyevi Mad. San. Tic. Ltd. Sti.,0.8222222222222222,111.46666666666667,37
879,Braindrop B.V.,0.0,0.0,0
880,RTS Business Service Handelsges.m.b.H.,0.0,0.0,0
881,Balsa Petrokimya Ticaret Ltd.Sti.,1.0,710.0,1
882,"Hubei Sanli Fengxiang Technology Co., Ltd",0.5,7.0,1
883,Petrofer AG,0.11764705882352941,2.0588235294117645,2
884,Briti Scientific,0.0196078431372549,0.7254901960784313,1
885,Trulux Pty Ltd,0.0,0.0,0
886,ECSA Chemicals AG,0.29411764705882354,15.529411764705882,5
887,Özkimsan Kimya taşımacılık maden inşaat makine orman ürünleri dış tic. ve san. ltd. şti.,0.0,0.0,0
888,BGP Innovatives,0.0,0.0,0
889,Kristov  FOOD EXPORT Internationl SL,0.0,0.0,0
890,"ZÜLFİKARLAR HOLDİNG, AKÇA KİMYA",0.84,183.04,21
891,Sternchemie GmbH & Co KG,1.0,71.0,1
892,Aldeco Krup SL - Bao Chemicals,0.6111111111111112,137.11111111111111,11
893,Vietchem,0.0,0.0,0
894,CONSELLS CHEMICALS SP. Z O. O.,1.0,30.0,1
895,Elif Endustriyel Kimyasallari,0.9272727272727272,163.8909090909091,51
896,HW Projekt GmbH,0.0,0.0,0
897,ICARBON Kimya Arge Mühendislik,0.0,0.0,0
898,TEKNOMADEN MADEN NAK. HAF. TRUZIM SAN TİC. LTD.ŞTİ.,0.0,0.0,0
899,Arems LLC,0.0,0.0,0
900,Carolus Chemical GmbH,0.275,18.325,11
901,Gaia Biomaterials,0.0,0.0,0
902,Radchem Sp.zo.o. Sp.K.,0.9230769230769231,348.15384615384613,12
903,"Accubiotech Co.,Ltd",0.0,0.0,0
904,KERONA GmbH,0.3333333333333333,87.16666666666667,2
905,Atul Limited,0.08333333333333333,1.3333333333333333,1
906,NEO Chemical,0.2828282828282828,26.333333333333332,28
907,VENÜSÇE İTHALAT İHRACAT SANAYİ VE TİCARET LİMİTED ŞİRKETİ,0.0,0.0,0
908,FİBER KİMYA A.Ş.,0.0,0.0,0
909,Salespet,0.0,0.0,0
910,Nilkim Teknik Kimya san.Tic. Limited Şirketi,0.7402597402597403,102.58441558441558,114
911,IMPAG AG,0.3062200956937799,42.4066985645933,64
912,WOCHEM KİMYA LİMİTED ŞİRKETİ,0.896551724137931,166.44827586206895,26
913,Nanografi A.S,0.0,0.0,0
914,RV NEORESINS,0.0,0.0,0
915,Global Mines SARL,0.0,0.0,0
916,Seralgaz Industrial and Medical Gases Corp.,1.0,379.5,4
917,Valchim,0.5,16.0,1
918,"Hebei ATUN Trading Co., Ltd",0.0,0.0,0
919,YUKA KİMYA,0.25,8.875,2
920,United Trading System Scandinavia AB,0.3333333333333333,96.0,4
921,Weighting Agents Plant (KZU),0.0,0.0,0
922,Omkrown Pharmachem Pvt Ltd,0.2222222222222222,4.888888888888889,2
923,QolorTech BV,0.0,0.0,0
924,h.r.bioanalysis srl,0.0,0.0,0
925,Hua-Chem,0.31527093596059114,49.50246305418719,64
926,Disruptchem Tarim ve Gida Sanayi LTD,0.0,0.0,0
927,Elite Chemicals Kimya San.ve Tic.A.S,0.8333333333333334,151.16666666666666,60
928,Harmony Additives Private Limited,0.0,0.0,0
929,R K MINERALS,0.0,0.0,0
930,ALT TRADING,0.5,33.0,1
931,ZINCO Chelyabinsk Ltd.,1.0,55.0,1
932,CHEMION AG,0.875,73.5,7
933,BLC BAKLIYAT IC VE DIS TIC. LTD. STI,0.0,0.0,0
934,Unilex Colours & Chemicals Limited,0.5,7.0,1
935,russian resurs,1.0,31.0,1
936,Coral SA,0.0,0.0,0
937,Mavi Kimya,0.9558823529411765,173.5,65
938,platanus -h kft,0.0,0.0,0
939,"HaBo Hong Kong Co., Limited.",0.0,0.0,0
940,Nupol Chemicals LLP,0.23076923076923078,13.615384615384615,3
941,HECCKEM Kimyevi Mad. İth.İhr. San. ve Tic. A.Ş.,0.6896551724137931,90.43103448275862,40
942,UKR EKSPORT PRO LLC,0.0,0.0,0
943,LUBREXCEL SALES & DISTRIBUTION SRL,0.0,0.0,0
944,"shijiazhuang jinghong chemical technology co.,ltd.",1.0,41.0,1
945,Chemdel LLC.,0.8823529411764706,233.11764705882354,15
946,Productos Albi,0.3333333333333333,7.0,1
947,Yigitoglu Kimya,0.8051948051948052,147.98701298701297,62
948,"Xingtai Xingjiu New Material Technology Co., Ltd.",0.0,0.0,0
949,KPM,0.0,0.0,0
950,FILTROTECH SARL,0.0,0.0,0
951,Chemscout Speciality Chemicals LLP,1.0,27.0,1
952,Sincerus LLC,0.0,0.0,0
953,prefere paraform GmbH & Co. KG,0.42857142857142855,15.285714285714286,3
954,Telko Ukraine,1.0,63.0,2
955,InMotion Global Ltd,1.0,66.0,1
956,GB Chem,0.0,0.0,0
957,Alfa Chemicals,0.13725490196078433,10.313725490196079,7
958,Vugilla Invest LTD,0.0,0.0,0
959,"Hebei Guanlang Biotechnology Co., Ltd",0.0,0.0,0
960,Yenipınar kimya ltd.şti,0.1724137931034483,17.17241379310345,5
961,Sunlite Industrial Enterprise,0.0,0.0,0
962,€xillent Group,0.0,0.0,0
963,PETROL KİMYA SAN. VE TİC. A.Ş.,0.8787878787878788,152.4848484848485,29
964,BELHIMSET JSC,0.25,16.0,1
965,Sia ltd sti,0.0,0.0,0
966,"Shijiazhuang Yanhui Dye Co., Ltd.",0.0,0.0,0
967,Amster Microcell Pvt Ltd,1.0,62.0,1
968,PETROWHITE,0.16666666666666666,6.333333333333333,1
969,OIL4VAP SL,1.0,484.0,1
970,KERNIK,0.0,0.0,0
971,Amadis Chemical Laboratory,0.0,0.0,0
972,Azinsd,0.0,0.0,0
973,ASCOTEC,0.5,78.5,1
974,Foster Chemicals GmbH,0.0,0.0,0
975,Portsmouth Aviation,0.0,0.0,0
976,Marker Kimya,0.4,38.6,2
977,Yeğenler Kimya,0.9090909090909091,173.0,10
978,Ricche Ltd,0.0,0.0,0
979,MH & Gustav Heess Ukraine,0.38461538461538464,53.53846153846154,5
980,EKOS-1,0.6,180.2,3
981,Elmira Industrial Supplies,0.0,0.0,0
982,"Purestar Chem Enterprise Co.,Ltd",0.0,0.0,0
983,"Dochem Nanjing International Co., Ltd.",0.5,193.0,1
984,Mahadev impex,0.0,0.0,0
985,NCT Group,1.0,60.0,1
986,Derkim Kimya A.S,1.0,77.5,2
987,Colux GmbH,0.0,0.0,0
988,Global Chemicals,0.0,0.0,0
989,Neohim plus,0.0,0.0,0
990,SKALNI MATERIALI,0.5,33.0,1
991,Kriskontech,0.0,0.0,0
992,Erie-Electroverre SA,0.2,51.4,1
993,Barcelonesa De Drogas Y Productos Quimicos,0.8888888888888888,168.27777777777777,16
994,PURNEFTEODACHA JOINT STOCK COMPANY,0.0,0.0,0
995,Klaus Busche Chemie GmbH,0.3333333333333333,50.666666666666664,8
996,Metafrax Trading International SA,0.625,51.625,5
997,ASK Chemicals GmbH,0.2222222222222222,8.333333333333334,2
998,KYKLOS GROUP IKE,0.0,0.0,0
999,Yalcon Intra Ltd,1.0,288.0,1
1000,Weserland GmbH,0.5,47.125,4
1001,Erkim Gıda Pazarlama Kimya San. ve Tic A.Ş.,0.0,0.0,0
1002,Albar Kimya,1.0,190.33333333333334,3
1003,IntegraFerm e. U.,1.0,21.0,1
1004,POLIMER,0.0,0.0,0
1005,Agakim Kimya Sanayi ve Ticaret A.Ş.,0.0,0.0,0
1006,BestChem GmbH,1.0,795.0,1
1007,Pakistan oil mils,0.0,0.0,0
1008,FS DIS TICARET A.S,0.8899082568807339,137.43119266055047,97
1009,SFN KİMYA GIDA KATKI MAD.SAN.DIŞ TİC.LTD.ŞTİ.,0.0,0.0,0
1010,Robert KRAEMER GmbH & Co. KG,0.0,0.0,0
1011,UBE Europe GmbH (UBE Group),0.25,12.0,1
1012,ChemicalHero,0.0,0.0,0
1013,Brenntag Iberia and Italy,0.3333333333333333,46.34848484848485,44
1014,honey,0.0,0.0,0
1015,Xellia Kft,0.0,0.0,0
1016,IRISEM,0.25,37.5,3
1017,Caluanie Muelear Oxidize,0.0,0.0,0
1018,Corvay Specialty Chemicals GmbH,0.0,0.0,0
1019,OPF,0.0,0.0,0
1020,Soujanya Colors,0.21739130434782608,20.91304347826087,5
1021,Bioiberica,0.0,0.0,0
1022,Cenik Chemicals,0.07799205899035734,5.720079410096426,275
1023,Meridian Colour UK Ltd.,0.5,308.0,2
1024,Viltis Sp. z o.o.,0.5,13.0,1
1025,Viana Chemicals,0.0,0.0,0
1026,SINOPEC Chemical Commerical holding HONGKONG,0.6666666666666666,84.57142857142857,14
1027,ECOTERM SRL,0.0,0.0,0
1028,Ogai Corp,0.0,0.0,0
1029,Genesius Colours,0.0,0.0,0
1030,FIS Chemicals Ltd,0.5,21.5,1
1031,megasack inc,1.0,61.0,1
1032,Marine Engineering Technology SLP,1.0,96.0,1
1033,SWAR HONG KONG Ltd,0.0,0.0,0
1034,K-I Chemicals Europe,0.64,134.06,32
1035,ColorPrisma,0.0,0.0,0
1036,Brenntag France and Benelux,0.3333333333333333,49.26315789473684,38
1037,Brenntag Central & Eastern Europe and Balkan,0.3391304347826087,52.19130434782609,39
1038,HEGARDT S.L.,0.0,0.0,0
1039,DK CHEM Organic Synthesis LTD,0.0,0.0,0
1040,Indo Colchem Ltd,0.0,0.0,0
1041,Arabian gate,0.0,0.0,0
1042,KİMYATİC DIŞ TİCARET LTD.ŞTİ,0.8461538461538461,388.61538461538464,11
1043,azinsd,0.0,0.0,0
1044,Brenntag DACH,0.3333333333333333,49.26315789473684,38
1045,Nordmann UK Fine Chemicals,0.0,0.0,0
1046,NITROPARIS,1.0,95.0,1
1047,Fluna Tec & Research GmbH,0.0,0.0,0
1048,turkmen sehrah,1.0,66.0,1
1049,Basar Ticaret ve Gıda San. A.Ş,0.0,0.0,0
1050,All Stars Gold Mining Company Ltd,0.0,0.0,0
1051,J. Rettenmaier & Söhne GmbH + Co. KG,0.375,16.0,3
1052,Alufluor AB,0.125,10.5,1
1053,Alemco Limited,1.0,232.0,1
1054,McElwaine Technical Services,0.0,0.0,0
1055,3E AKANTOS TRATOS,0.0,0.0,0
1056,ATA KIMYA INŞ SAN TİC LTD ŞTİ,0.45454545454545453,25.545454545454547,5
1057,"Audaxus, Ltd",0.0,0.0,0
1058,"Industrias Quimicas PMC, SL",0.5,28.0,1
1059,Tetco Company,0.0,0.0,0
1060,Goswami Trading Co.,0.0,0.0,0
1061,PT Van Aroma,0.043478260869565216,1.2608695652173914,2
1062,DETEKS Kimya,0.4,40.3,4
1063,Wanhua & BorsodChem,0.5,11.5,2
1064,MAKRO CHEMICAL END. KIM. SAN. VE TIC.A.S.,0.0,0.0,0
1065,COLOREX MASTERBATCH,0.0,0.0,0
1066,Eco-Dec,1.0,498.0,1
1067,Bio-Circle Surface Technology GmbH,0.0,0.0,0
1068,ANOWASH GmbH,0.0,0.0,0
1069,S.A.I.R.A.S.CORPORATION,0.0,0.0,0
1070,SESIL KİMYA-EKREM EROL,0.0,0.0,0
1071,Turk Perlite,0.0,0.0,0
1072,Advent Polymin,0.0,0.0,0
1073,"ZingaMetall Europe, Ltd.",0.0,0.0,0
1074,FIVE STAR GENERAL S.L,0.0,0.0,0
1075,Shaanxi Porvoo Biotech Ltd,0.0,0.0,0
1076,metalsolutons,0.0,0.0,0
1077,Sai Fine Chemicals,0.0,0.0,0
1078,Prasol Chemicals Limited.,0.5,10.833333333333334,3
1079,PT Cisadane Raya Chemicals,0.0,0.0,0
1080,LEADCHEM Kimya San.ve Tic. A.Ş.,1.0,258.15384615384613,13
1081,Amon Kimya,0.9444444444444444,258.1111111111111,17
1082,shiuma process equipments pvt ltd,0.0,0.0,0
1083,Chemplasa Technology Sdn. Bhd.,0.0,0.0,0
1084,Royal Srl,0.4,65.2,4
1085,HM Industrieservice GmbH,1.0,480.0,1
1086,Olainfarm JSC,0.0,0.0,0
1087,Greenfied Projects,0.0,0.0,0
1088,"Wuhan LANDMARK Industrial Co., Ltd.",0.0,0.0,0
1089,Goldchem,0.3333333333333333,10.11111111111111,3
1090,"Shanxi Hengyuan Kaolin Co., Ltd.",1.0,21.0,1
1091,ELKA Foreign Trade,0.0,0.0,0
1092,"Cangzhou Wanyou New Material Technology Co.,Ltd",0.0,0.0,0
1093,Dev International,0.2,4.6,1
1094,"BYN Chemical Co., Ltd.",1.0,104.0,1
1095,SIOF SPA,0.6666666666666666,16.0,2
1096,Subana Dış Ticaret Ltd. Şti.,1.0,370.0,1
1097,"JIANGSU PULES BIO-TECH CO.,LTD",0.0,0.0,0
1098,Dutch Essentials BV,0.16666666666666666,6.5,1
1099,Planet chemical,0.0,0.0,0
1100,Biesterfeld Chemia Specjalna,0.5,14.25,2
1101,PGKL,0.5,30.0,1
1102,Irmak Kimya,0.7142857142857143,325.57142857142856,5
1103,"LLC ""UMKA Company""",1.0,95.0,1
1104,RUBIN KIMYEVI MADDELER SAN TİC.LTD.ŞTİ,0.7962962962962963,110.44444444444444,43
1105,"Benu Composite Materials Co., Ltd",0.0,0.0,0
1106,worldchem chemical ltd,0.0,0.0,0
1107,VETTÓ Kft,1.0,455.0,3
1108,Oxyde Chemicals Europe,0.918918918918919,194.43243243243242,34
1109,Nutrimix hayvan yemcilik ticaret anonim şirketi,0.0,0.0,0
1110,SoleChem Kimya AS,0.8666666666666667,181.35555555555555,39
1111,servicios mineros,0.0,0.0,0
1112,Losi Srl,0.0,0.0,0
1113,STATUS LTD,1.0,50.0,1
1114,Kayalar Kimya San. ve Tic. A.Ş,1.0,15.0,1
1115,WESP KFT,1.0,202.66666666666666,3
1116,TUTTOVO srl,0.0,0.0,0
1117,Halogens,0.7391304347826086,159.8695652173913,17
1118,Isogran GmbH,0.8,47.3,8
1119,Evonik Silica,0.3,15.5,3
1120,Orhun Kimya L.T.D,0.0,0.0,0
1121,TRIGON Chemie,0.17857142857142858,7.0,5
1122,Xingfa Europe GmbH,0.5625,29.8125,9
1123,"Shenyang Delihuan Electromechanical Equipment Co., Ltd.",0.0,0.0,0
1124,Mac World Industries Ltd,0.4583333333333333,43.541666666666664,11
1125,GUIHUA CHEMICAL  LTD,0.875,72.375,7
1126,Germes,0.5,19.5,1
1127,BES Kimya Sanayi Ve Tic Ltd Sti,0.6666666666666666,106.16666666666667,4
1128,Kadion Especialidades Quimicas,0.0,0.0,0
1129,"Wuhan Lwax Pharma Tech co.,ltd",1.0,234.0,1
1130,K2C Dış Ticaret Ltd. Şti.,1.0,73.83333333333333,6
1131,Kasturi aromatics,0.0,0.0,0
1132,Feicheng Hongrui Fine Chemicals Material Manufacturer,0.6666666666666666,56.333333333333336,2
1133,"ALC ""Perechyn Timber Chemical Plant""",1.0,370.0,1
1134,IMMA Global Technick S.A.,0.16666666666666666,3.1666666666666665,1
1135,RAWAD ASEEL MUSCAT,0.0,0.0,0
1136,Polyplast,0.0,0.0,0
1137,International Furan Chemicals B.V.,0.0,0.0,0
1138,Treibacher Industrie AG,0.0,0.0,0
1139,VIN.S. Industries Ltd,1.0,480.0,1
1140,BEYAZ KAGIT VE HIJYENIK URUNLER TEMIZLIK INSAAT SAN. TIC. A.S.,0.6666666666666666,47.0,2
1141,Chemzzo Dyestuffs,0.0,0.0,0
1142,"Hebei Yime New Material Technology Co,Ltd",0.0,0.0,0
1143,PROSES T.İ.M,0.0,0.0,0
1144,PT. Nasco,0.2,4.4,1
1145,ATUN KIMYA SAN.TIC.LTD.STI.,0.375,100.5,3
1146,BERANG Grup,0.0,0.0,0
1147,Oceanize As,1.0,60.0,1
1148,Bernd Stifter,0.0,0.0,0
1149,EU AVIATION TECHNOLOGIES B.V.,1.0,913.0,1
1150,METAL,0.0,0.0,0
1151,Ektoni Hulgikaubandus OÜ,0.8571428571428571,262.57142857142856,6
1152,Leichtform GmbH,0.0,0.0,0
1153,PH Bulktrade ApS,0.0,0.0,0
1154,Acorn Water,0.5,31.0,3
1155,Astron Chemicals,0.5,7.0,1
1156,Methatem,0.0,0.0,0
1157,Oleum Partners KFT,0.0,0.0,0
1158,Barton Blakeley Technologies,1.0,61.5,2
1159,FE Trade,1.0,26.0,1
1160,"Speranza Chemical Co., Ltd",0.0,0.0,0
1161,Ege Kimya,0.5,46.642857142857146,7
1162,Coolmag Thermo Conductive S.L,0.0,0.0,0
1163,Abrasive and Refractory Materials Manufacture,0.0,0.0,0
1164,"Chongqing Shuote Chemicals Co.,Ltd",0.0,0.0,0
1165,"Hebei Yime New Material Technology Co., Ltd.",1.0,28.0,1
1166,Arkema THIO Division,0.3,11.8,3
1167,N S Mint Products Pvt Ltd,0.16666666666666666,3.0,1
1168,Kingdom Petrokimya,0.0,0.0,0
1169,Ets Bouvet Nicolas,0.0,0.0,0
1170,"T & T Chemical Co., Ltd",1.0,39.0,1
1171,Latro Kimya,0.3717948717948718,38.56410256410256,29
1172,Maurizio Co Ltd,0.0,0.0,0
1173,HPO Service GmbH,1.0,62.0,1
1174,Petrobon,1.0,79.0,2
1175,LaMagna GmbH,1.0,913.0,1
1176,Kartli,0.5,30.0,1
1177,"Guangdong CHNV Technology Co.,",0.3333333333333333,7.666666666666667,1
1178,Petrobonco,1.0,79.0,2
1179,HEALTHFIRST-PHARMACEUTICALS,0.0,0.0,0
1180,De Monchy International BV,0.75,32.125,6
1181,Catalyco,1.0,55.0,1
1182,Atanasov 67&Son ltd,0.0,0.0,0
1183,Sterilco sp. z o.o.,0.8,172.2,4
1184,Green Step,0.0,0.0,0
1185,Borma Chemical Products Trading Company B.V.,0.7009803921568627,83.68627450980392,143
1186,Carvansons,0.0,0.0,0
1187,aclinicin LLC,1.0,70.0,1
1188,Laviosa Chimica Mineraria S.p.A.,0.0,0.0,0
1189,cannabinoidschem,0.0,0.0,0
1190,Petroroma,0.5,456.5,1
1191,Aremco Agro Product Manufacturers and Exporters,0.0,0.0,0
1192,Corelife Medical,0.0,0.0,0
1193,"Xingtai Qingman mechanical equipment Co., Ltd.",0.0,0.0,0
1194,ANB TRADE,0.0,0.0,0
1195,I. Petrova Bros. O.E.,0.0,0.0,0
1196,Intertorg EOOD,0.7142857142857143,37.42857142857143,5
1197,Buldan Madencilik Dis Ticaret Ltd,0.0,0.0,0
1198,Niğde Vatan Plastik Tarım ve Hayvancılık Gıda Uluslararası Ticaret Sanayi Limited Şirketi,0.0,0.0,0
1199,CBTFC GbR,0.0,0.0,0
1200,"LUSOCOPLA, LDA",0.0,0.0,0
1201,EPM Europe GmBH,1.0,27.0,1
1202,Xmit Holding Aps,0.75,163.75,3
1203,Cellco Chemicals S.A.,0.0,0.0,0
1204,TEFNAR,0.625,103.125,5
1205,Tratamiento de Minerales del Sur S.L.,0.0,0.0,0
1206,BRENNTAG KIMYA TIC.LTD.ŞTI.,0.5,67.29545454545455,22
1207,World Petroleum FZC,0.5,48.0,1
1208,SAWEX S.A,0.0,0.0,0
1209,Bisila Brad,1.0,264.1666666666667,6
1210,Dr. Paul Lohmann GmbH & Co. KGaA,0.1,6.9,5
1211,TTZH Tribologie & Hochtechnologie GmbH,0.0,0.0,0
1212,GIRON DE LA MASSUERE,0.7916666666666666,156.22916666666666,38
1213,Mathios Refractory S.A.,0.0,0.0,0
1214,amg dış tic. ltd.şti.,1.0,31.0,1
1215,TER Chemicals – BU Surface and Lubricant Technology,0.1,4.3,2
1216,Anolytech Norden AB,0.0,0.0,0
1217,H&D HOLDING B.V.,0.0,0.0,0
1218,cw-plast GmbH,0.0,0.0,0
1219,"Jiangsu Kaihuida New Material Technology Co., Ltd",0.0,0.0,0
1220,Aerofen Kimya San. Tic. A.Ş.,0.5,13.5,1
1221,Novasol Chemicals,0.45588235294117646,42.25,31
1222,Akkim Kimya San. ve Tic. A.S.,0.5,13.5,1
1223,ESCHE  Company,0.0,0.0,0
1224,SK Steel & Powder Supply UG,0.25,10.5,3
1225,ChemStop Chemicals Co. Ltd.,0.2,2.8,1
1226,"Wuhan Demeikai Biological Technology Co.,Ltd.",0.0,0.0,0
1227,Megabiz Petrokimya Urunleri SAN ve Tic. AS,0.0,0.0,0
1228,Synthèse Technologies,0.0,0.0,0
1229,Petrotrade LLC,0.0,0.0,0
1230,ROWASOL GmbH,0.25,31.5,1
1231,Feroce Trading B.V.,0.6946107784431138,88.77245508982035,116
1232,Puri Cendana CV,0.0,0.0,0
1233,Natalex S.A.,0.0,0.0,0
1234,Areks Kimya Otomativ Sanayii ve Dış Ticaret A.Ş,0.6666666666666666,15.333333333333334,2
1235,ONBİRON KİMYA SAN VE TİC A.Ş.,1.0,14.0,1
1236,Golden Dragon LLC,0.5,35.0,1
1237,Sade Chemical,0.8962264150943396,141.83018867924528,95
1238,Ako Chemicals Ltd,1.0,14.0,1
1239,Volzhsky Orgsynthese JSC,0.16666666666666666,10.166666666666666,1
1240,TER Chemicals – BU Performance Chemicals,0.8333333333333334,229.66666666666666,5
1241,madsan p.m. mining co.ltd.,0.0,0.0,0
1242,Distona AG,0.4791666666666667,59.083333333333336,23
1243,cziom,0.0,0.0,0
1244,Avni Uzun,1.0,66.0,1
1245,ecocycle,0.0,0.0,0
1246,legitimamente,1.0,55.0,1
1247,"Ningxiang Xinyang Chemical Co.,Ltd",0.0,0.0,0
1248,"GlycoSurf, Inc",0.0,0.0,0
1249,Huzhou Haipu Chemical Industry Ltd,0.3333333333333333,10.666666666666666,1
1250,OSUPP MACHINE CHEMICAL CONSTRUCTION CO,0.0,0.0,0
1251,Audia Plastics s.r.o.,1.0,16.0,1
1252,VAN DIEMEN CHEMICALS B.V.,1.0,471.0,3
1253,A.MARTENS B.V.,1.0,234.0,1
1254,Oxea,0.8888888888888888,184.33333333333334,16
1255,Beugin Garay,0.0,0.0,0
1256,"Guangxi Binyiwang Trading Co., Ltd.",1.0,21.0,1
1257,Alperenler Madencilik Sanayi Ticaret Limited Şirketi,0.0,0.0,0
1258,Perfecta Chemie International BV,1.0,202.9,10
1259,JUST and FAIR INTERNATIONAL FZ LLC,0.0,0.0,0
1260,"Jiangsu Kaihuida New Material Technology Co.,Ltd.",0.0,0.0,0
1261,ELIX Polymers SLU,0.0,0.0,0
1262,Linnusilmapuu OÜ,0.0,0.0,0
1263,JVS Chemicals SPRL,0.7614678899082569,117.5137614678899,83
1264,Tisco group lkmited,0.0,0.0,0
1265,Nortex  Chemical LLC (Ukraine),0.4117647058823529,68.6470588235294,7
1266,ADKGROUP Mühendislik İç ve Dış Ticaret Ltd. Şti.,0.7777777777777778,150.0,7
1267,SOC DE PRODUITS CHIMIQUES DE LORRAINE,0.8214285714285714,130.32142857142858,69
1268,OZTAHA,0.0,0.0,0
1269,ETM Group,1.0,32.0,1
1270,Shivalal Mistry & Sons,0.0,0.0,0
1271,SKOVA PHARMACHEMS,0.0,0.0,0
1272,ArthemisHerba,0.0,0.0,0
1273,maa bharti mines & minerals,0.0,0.0,0
1274,Proxima Overseas,0.0,0.0,0
1275,Sopolimerprom LLC,0.5,200.5,3
1276,GL Biochem Inc.,0.006607929515418502,0.09030837004405286,3
1277,L-OPTIMA ELEMENT TECH COMPANY,0.0,0.0,0
1278,Akmin Mineral Madencilik,0.0,0.0,0
1279,SIA Tempokem,0.4642857142857143,51.5,13
1280,ZAVALLIVSKYI GRAPHITE,1.0,27.0,1
1281,Arabian Sea Group For Chemicals,0.6,10.6,3
1282,Bentonite World,0.0,0.0,0
1283,AMBERES CHEMICAL,0.84,142.52,21
1284,Meiji Rus Ltd,0.0,0.0,0
1285,Çukurova Kimya Endüstrisi A.Ş.,0.0,0.0,0
1286,DOST TRADE DIŞ TİCARET LTD . ŞTİ,1.0,913.0,1
1287,TISCO GROUP LIMITED,0.0,0.0,0
1288,Parsis Global,1.0,70.0,1
1289,Nanomatics Pte Ltd,0.0,0.0,0
1290,NOTIONAL SPECIALITIES PRODUCTS CO.,0.0,0.0,0
1291,"Hong Kong tiansheng new material trading Co., LTD.",0.0,0.0,0
1292,Siltech Limited,0.0,0.0,0
1293,Universal Healthcare Group LTD,0.0,0.0,0
1294,Necm kimya Biorad,1.0,637.5,2
1295,PB Solutions GmbH,1.0,60.0,1
1296,Otto Brandes GmbH,0.041666666666666664,15.041666666666666,3
1297,Viet Nam Minerals Powder CO Jsc,0.75,158.5,3
1298,Chemical Partners India,0.0,0.0,0
1299,Stocxx,0.0,0.0,0
1300,Simson Pharma Limited,0.0,0.0,0
1301,Goldclass Investment Brokers,0.0,0.0,0
1302,ABAKUS GmbH,0.0,0.0,0
1303,Delacon Biotechnik GmbH,0.0,0.0,0
1304,"Wuhan Lwax Pharma Tech Co., LTD",1.0,95.0,1
1305,SPR,0.0,0.0,0
1306,KALENT TRADERS LLC,0.0,0.0,0
1307,EVROPSKÁ DATABANKA A.S,0.0,0.0,0
1308,DC DruckChemie GmbH,1.0,393.5,2
1309,Novamont SpA,0.0,0.0,0
1310,Ahmet alkan mühendislik ithalat ihracat ltd şti,0.75,224.75,3
1311,"METALLON, AO",0.0,0.0,0
1312,Labeline Intl. Ltd.,0.0,0.0,0
1313,Medphen,0.25,7.25,1
1314,EBA Kimya,1.0,104.0,1
1315,Koil Exports,0.0,0.0,0
1316,Kalsnava Distillery,1.0,480.0,1
1317,BRIMAN POLYURETHANE CO,0.0,0.0,0
1318,Poljoprivredne Sirovine DOO,0.0,0.0,0
1319,Ortega Ubeda SL,1.0,913.0,1
1320,SYNSOL AG,0.8,355.8,4
1321,Fornaci Zulian srl,0.4,14.0,2
1322,Jumbo mining pvt LTD,0.0,0.0,0
1323,NATURAL POLAND Sp. z o.o.,0.5,11.75,2
1324,Geo Gas DOOEL,0.0,0.0,0
1325,Vamax Group,0.0,0.0,0
1326,Shandong YiYi Chemical Co.ltd,0.0,0.0,0
1327,"Essenoi Fine Chemical Co., Limited",0.0,0.0,0
1328,ESOLL Sp. z o.o.,1.0,257.4,20
1329,TCG LLC,0.0,0.0,0
1330,AgroEnergo Michal Aleksander Uscilowski,0.0,0.0,0
1331,Utelka Maden,1.0,21.0,1
1332,Horus Oil Wholesalers,0.2,9.8,1
1333,De Monchy Aromatics Ltd,0.0,0.0,0
1334,RIBALTA NEGOCIOS S.L.,0.0,0.0,0
1335,DIONYSOS DISTILLERY BIOBOTANI  TREASURES,0.0,0.0,0
1336,ECKART GmbH,0.5454545454545454,132.1818181818182,6
1337,Hermes Mineral Ltd,0.3333333333333333,27.666666666666668,1
1338,DaXem GmbH,0.0,0.0,0
1339,Vinati Organics Limited,0.13333333333333333,17.8,2
1340,Bodo Möller Chemie Middle East,0.0,0.0,0
1341,E2H Deutschland GmbH,0.0,0.0,0
1342,SynValor Contracting B.V.,0.0,0.0,0
1343,Itaprochim SRL,0.5,46.785714285714285,7
1344,Omega GmbH,0.0,0.0,0
1345,BRC PLUS DIS TICARET VE DANISMANLIK HIZMETLERI LIMITED SIRKETI,0.8181818181818182,132.04545454545453,18
1346,www.chemtradeexports.com,0.0,0.0,0
1347,Sayverse Dış Ticaret A.Ş.,0.42857142857142855,189.57142857142858,3
1348,Carlo Riccò & F.lli S.p.A.,0.6,65.2,3
1349,Evonik Operations GmbH | Performance Materials,1.0,366.0,1
1350,BRENNA SRL,1.0,498.0,1
1351,LIMA,0.0,0.0,0
1352,DERYPOL S.A.,0.18181818181818182,2.6363636363636362,2
1353,Bulterra S Ltd.,1.0,66.0,1
1354,Adakem Chemicals Ltd,0.4634146341463415,31.951219512195124,19
1355,OSAR International,1.0,19.0,1
1356,Rainbow,0.0,0.0,0
1357,Acme International (Thailand) Ltd.,0.0,0.0,0
1358,mehmet doğukaan dağlı allnature gübre tohum ve tarımsal ürünler tic.,0.0,0.0,0
1359,"Macco Organiques, s.r.o.",0.8,67.86666666666666,12
1360,The Greencell Inc.,0.6666666666666666,190.66666666666666,2
1361,Group of companies STIM,0.0,0.0,0
1362,EGA KİMYA SAN. TİC. LTD. ŞTİ.,1.0,257.0,1
1363,Cooperative France Lavande,0.0,0.0,0
1364,HMD AROMAOİL,0.0,0.0,0
1365,Kalichem srl,0.14173228346456693,25.598425196850393,18
1366,CORQUIMIA INDUSTRIAL SL,0.5018181818181818,45.85454545454545,138
1367,Vats Chemical Traders,0.0,0.0,0
1368,"Shandong Bluesun Chemicals Co.,Ltd",0.0,0.0,0
1369,MUMTAZ PETROASİA ITHALAT IHRACAT KİMYA SAN. VE TİC. LTD. ŞTİ,0.6666666666666666,326.3333333333333,2
1370,Relife Pharma ilac San Tic Ltd Sti,0.0,0.0,0
1371,L. Brüggemann GmbH & Co. KG,0.42857142857142855,81.14285714285714,3
1372,Moonpet Petrol Insaat Sanayi Ticaret Anonim Sirketi,0.5,14.5,1
1373,Odes kükürt,0.0,0.0,0
1374,Ekosera Kimya San. Ve Tic. Ltd.,0.0,0.0,0
1375,VELVA PC,1.0,286.42857142857144,7
1376,SAVING Srls LTD,0.0,0.0,0
1377,"Nantong Haotai Products&Chemicals Co.,Ltd",0.0,0.0,0
1378,G-TECHINNOVA LABORATORIES,0.0,0.0,0
1379,ZARCommerce,0.5,218.5,1
1380,DBSO OILS AND METALS LTD,0.0,0.0,0
1381,"Hebei  Lvyang Biotechnology Co.,Ltd",0.0,0.0,0
1382,Aromaturk,0.0,0.0,0
1383,KEM,1.0,96.0,1
1384,Хим Органик,1.0,297.0,6
1385,TAHAONE CORPORATION,0.0,0.0,0
1386,GMCI Private Limited,0.75,29.5,3
1387,Metro Trade Chem,0.5,355.0,1
1388,Dorena,0.0,0.0,0
1389,Fam International NV,1.0,72.0,1
1390,Serpa Polska,0.0,0.0,0
1391,Agro-Plon,1.0,480.0,1
1392,Ayvalidere - Osman Şanoğlu,0.0,0.0,0
1393,Ffghhhhhh,0.0,0.0,0
1394,Bagosan Kimya Sanayi ve Ticaret A.Ş.,0.0,0.0,0
1395,Nickelhütte Aue GmbH,0.42857142857142855,60.714285714285715,3
1396,"Sepiol, S.A.",0.0,0.0,0
1397,California Chemical lab,0.6666666666666666,194.33333333333334,2
1398,Mihaela,0.0,0.0,0
1399,Derajac Foods Ltd / Exotic Choice Foods,0.0,0.0,0
1400,Gujarat chemical,0.0,0.0,0
1401,Ocean RMC Madencilik Ithalat Ihracat Sanayi Ve Ticaret Anonim Sirketi,0.4782608695652174,108.04347826086956,11
1402,SYKEM Pharma Research & Development,0.0,0.0,0
1403,URLI Sp z o.o. (ibioteq),1.0,275.5,4
1404,"Shanghai Minbiotech Co., Ltd.",0.0,0.0,0
1405,NEXMOL S.R.L.,1.0,14.0,1
1406,Ella grup inşaat gayrimenkul iç ve dış ticaret,0.5,33.0,1
1407,"hebeisenfeng new materials technology co.,ltd",1.0,386.0,1
1408,Rhett Plastic,0.5,30.0,1
1409,S N Lavender,0.0,0.0,0
1410,"Stercorat SLOVAKIA, s.r.o.",0.0,0.0,0
1411,PLASTIC RECYCLING EXPORT SRL,0.0,0.0,0
1412,Polygal AG,0.375,13.75,3
1413,escom GmbH,0.5,31.75,2
1414,PLUSwater BV,0.0,0.0,0
1415,Kemai chemical (Europe) GmbH,0.0,0.0,0
1416,Particular,0.0,0.0,0
1417,Düllberg Konzentra GmbH & Co. KG,0.07142857142857142,1.2857142857142858,1
1418,OQEMA IBERIA,0.0,0.0,0
1419,Novartixm3 SL,0.0,0.0,0
1420,IC Trading SIA,0.0,0.0,0
1421,Masader Bio,0.0,0.0,0
1422,"HENAN GP CHEMICALS CO.,LTD",1.0,236.14285714285714,7
1423,Plimon Global slu,0.0,0.0,0
1424,SHEMSA NATURALS TARIM ÜRÜNLERİ SANAYİ VE TİCARET ANONİM ŞİRKETİ,0.0,0.0,0
1425,NANOGRAPHENEX NANOTECHNOLOGY LTD,1.0,44.5,2
1426,Floortrak Romsey Limited,0.0,0.0,0
1427,Peak Universal Business,0.0,0.0,0
1428,MRM Chemicals SP ZOO,0.9642857142857143,337.10714285714283,27
1429,bitop AG,0.5,11.166666666666666,3
1430,MEGI,0.0,0.0,0
1431,Sris Synthesis Pvt Ltd,0.0,0.0,0
1432,Zone Aromatics Kozmetik Kimyasal Maddeler San. ve Tic. Ltd. Şti.,0.2857142857142857,72.14285714285714,2
1433,mintonsgoodfood,0.0,0.0,0
1434,ALBASTROSS EXIM,0.0,0.0,0
1435,Partsom Machimery Mining,0.0,0.0,0
1436,RVN GROUP SRL,0.0,0.0,0
1437,New Technology Production Sp z o.o.,0.0,0.0,0
1438,BRC Kimyevi Maddeler Sanayi Ticaret A.Ş.,1.0,382.0,4
1439,Daiichi Karkaria Ltd,0.0,0.0,0
1440,Infinia Chemicals Ltd.,0.0,0.0,0
1441,Urealab,1.0,913.0,1
1442,IBS GmbH,0.0,0.0,0
1443,California Chemical Lab,1.0,14.0,1
1444,"Chemical Essence, S.L.",0.3333333333333333,49.06666666666667,5
1445,PALMYRA PLASTIK SANAYI VE DIS TICARET LTD,1.0,128.0,1
1446,Yogi Intermediates Pvt. Ltd,0.0,0.0,0
1447,"BIOVINEGAR, S.L.",0.0,0.0,0
1448,AkikoBG,1.0,480.0,1
1449,Tera Organics,0.3333333333333333,129.0,3
1450,POLSKI KONCERN NAFTOWY ORLEN S.A.,0.8571428571428571,216.0,6
1451,S.C.TRINACRIA S.R.L.,0.0,0.0,0
1452,3-S Mühendislik Müşavirlik San ve Tic. A.Ş,0.07142857142857142,1.7857142857142858,2
1453,TET INTERNATIONAL DIS TICARET VE KIMYA SANAYI A.S.,1.0,35.0,1
1454,Kissel + Wolf GmbH,0.0,0.0,0
1455,SIDRE,1.0,913.0,1
1456,Sweetbio SRLq,0.0,0.0,0
1457,Global Company s.r.l.,1.0,72.0,1
1458,"Tianjin YR Chemspec Technology Co.,Ltd.",0.0,0.0,0
1459,SRC International Ulus. Loj. Dış Tic. Ltd. Şti,1.0,86.0,1
1460,INMATRADE AG,0.5,57.75,8
1461,mine owner,0.0,0.0,0
1462,AUTOCLEAR CHEMICALS LABORATORY,1.0,436.6666666666667,3
1463,Omya GmbH,0.5882352941176471,46.470588235294116,10
1464,Turope GmbH,1.0,42.0,1
1465,GTH GmbH & Co. KG,0.0,0.0,0
1466,Cabro S.p.A.,0.07142857142857142,2.0714285714285716,1
1467,Neo Strim,0.0,0.0,0
1468,GLOB-EXIM,0.0,0.0,0
1469,ALORAWATER,0.0,0.0,0
1470,TDM TRADE S.C.,0.0,0.0,0
1471,Industrial La Fama,1.0,545.0,1
1472,Maisuriya Pharma Solutions,0.0,0.0,0
1473,NODIA Sp. z.o.o.,0.0,0.0,0
1474,Armada Offshore Ltd,0.0,0.0,0
1475,Carrutaco Energy FZE,0.0,0.0,0
1476,LSR Materials GmbH & Co KG,0.0,0.0,0
1477,SmartRo Concept Industrial,1.0,913.0,1
1478,Vitalac,0.0,0.0,0
1479,Marbe Pharma SL,0.0,0.0,0
1480,NAM-Art,0.0,0.0,0
1481,HARSH CORPORATION,1.0,15.0,1
1482,oze grup,0.0,0.0,0
1483,WELLY FOOD DISTRIBUTION,0.0,0.0,0
1484,Caluanie Chem,0.0,0.0,0
1485,Reviva PlasticsAB,0.0,0.0,0
1486,California Chemical Lab,0.0,0.0,0
1487,Moringabioorgainc (MBO Research Center),0.0,0.0,0
1488,NAVIDAL TRADING L.L.C,1.0,70.0,1
1489,AGRA GROUP a.s.,0.0,0.0,0
1490,A-Gas Electronic Materials,0.0,0.0,0
1491,IFG Naftachim LLC,0.0,0.0,0
1492,SHUBHAM CHEMICALS AND SOLVENTS LIMITED,1.0,87.2,5
1493,TOV INBAU,1.0,545.0,1
1494,Vantage Leuna GmbH,0.24242424242424243,16.78787878787879,8
1495,Delta Engineering & Chemistry GmbH,0.5,16.25,2
1496,ATABEY PLASTİK GERİ DÖNÜŞÜM AKARYAKIT İNŞAAT SANAYİ VE TİCARET LİMİTED ŞİRKETİ,1.0,259.5,2
1497,SENORGALAB CHEMISTRY AND R D SERVICES LTD,0.375,15.875,3
1498,INTERMAG sp. z o.o.,0.0,0.0,0
1499,Selenes Kimya ve Ambalaj San. ve Tic.Ltd.Şti.,0.0,0.0,0
1500,PRIMAX s.r.l.,0.4,35.6,2
1501,MORPHISTO GmbH,1.0,245.0,1
1502,Global Trade Wholesale Ltd,0.23076923076923078,10.692307692307692,3
1503,umay zeytinyağı dış ticaret ltd şti,0.0,0.0,0
1504,HCI Wax Co. Limited,0.5,19.833333333333332,3
1505,"CHEMLYTE SOLUTIONS CO., LTD",0.0,0.0,0
1506,Shanghai Rich Group Limited,0.0,0.0,0
1507,SARAF AROCHEM (P) LTD,0.0,0.0,0
1508,Sümer Petrokimya,0.7,180.4,7
1509,Nitramonia BC SRL,1.0,40.0,1
1510,Zoro,0.0,0.0,0
1511,IRLC,0.0,0.0,0
1512,ONS  EXPORT,0.0,0.0,0
1513,ISOThrive,0.0,0.0,0
1514,"nanjing tianshi new material technologies co.,ltd",1.0,60.0,1
1515,NanoPhos SA,0.0,0.0,0
1516,Nordpol Seifenfabrik e.K.,0.0,0.0,0
1517,GVB Biopharma,0.0,0.0,0
1518,Mahat Global Resources,1.0,70.0,1
1519,"Wuhan LPBchem Technology Co.,Ltd",0.0,0.0,0
1520,Crazte,0.0,0.0,0
1521,MELA GmbH,0.0,0.0,0
1522,Aseyh Teknoloji Group,0.0,0.0,0
1523,Avyuktchem LLP,0.0,0.0,0
1524,BİO AKTİF KİMYA,0.3333333333333333,104.66666666666667,1
1525,Chemicalbull Pvt Ltd,0.2967479674796748,18.735772357723576,73
1526,ESYA TRADE İTHALAT İHRACAT VE TİC LTD ŞTİ,0.0,0.0,0
1527,"LLC ""SPE ""PROMUGLEROD""",1.0,27.0,1
1528,euronopa GmbH,0.3333333333333333,13.0,1
1529,A&S PVT LTD,0.0,0.0,0
1530,ACS Chem GmbH,0.5,33.0,1
1531,"SHOUGUANG FUKANG PHARMACEUTICAL CO.,LTD",0.0,0.0,0
1532,LK Trade,1.0,70.0,1
1533,FireProLab,0.0,0.0,0
1534,Foratia Europe OU,0.25,17.5,1
1535,"Beijing KangpuHuiwei Technology Co., Ltd.",0.5,456.5,1
1536,GAJANAN ENTERPRISES,0.0,0.0,0
1537,Persian Traders Assocation,0.0,0.0,0
1538,DoRex Consulting GmbH,0.0,0.0,0
1539,snolecule,0.0,0.0,0
1540,"URL BioPharm Co., Ltd.",0.0,0.0,0
1541,Molenhuis BV,0.8235294117647058,123.88235294117646,98
1542,Wepooil S.r.l.,0.5,23.4,5
1543,"Huaxing Chemical product Co.,Ltd",0.0,0.0,0
1544,"VUP, a.s.",0.0,0.0,0
1545,RR & NP Business Development Lda,0.5,14.75,2
1546,Chime S.p.A.,0.9,138.3,9
1547,uğur kimya,0.0,0.0,0
1548,Prime Speciality,0.0,0.0,0
1549,Lanofilm AS,0.0,0.0,0
1550,HOOK MEAT SUPPLIES LTD,0.2,11.9,2
1551,"GRANULADOS TÉCNICOS SOSTENIBLES, S.L.",1.0,66.0,1
1552,SeaWiseMaster,0.0,0.0,0
1553,AMEKON S.A.,1.0,61.0,1
1554,Q.I.T. CHEMICALS (BV),0.75,119.5,3
1555,“LK TRADE” LLC,1.0,44.5,2
1556,MNC PİGMENT AV SAN. TİC. A.Ş.,0.0,0.0,0
1557,HEXPERIENCE TECHNOLOGIES S.R.L.,1.0,21.0,1
1558,AMANOS BRAND SRL,1.0,70.0,1
1559,ing.tognazzo spa,0.0,0.0,0
1560,Chemhouse,1.0,498.0,1
1561,Kızılkaya Polimer company,0.0,0.0,0
1562,ARGUS GROUP LOJISTIK GEMI YAPIMI VE DANISMANLIK HIZMETLERI ANONIM SIRKETI,1.0,913.0,1
1563,"Laizhou caizhiyuan pigment technology co., ltd",0.0,0.0,0
1564,"Shaanxi Youbio Technology Co.,Ltd.",0.0,0.0,0
1565,"Shaanxi Youbio Technology Co.,Ltd.",0.0,0.0,0
1566,Alora Water Research,1.0,75.0,1
1567,REMY GmbH & Co. KG - HAMBURG,0.0,0.0,0
1568,PROTECT AND CARE,0.0,0.0,0
1569,TOPTION Chemicals,0.0,0.0,0
1570,Poko Resurses,1.0,913.0,1
1571,FYN GLOBAL,0.0,0.0,0
1572,STARELINE CHEMICAL INDUSTRIES,0.0,0.0,0
1573,BiogasJG B.V.,0.16666666666666666,2.3333333333333335,1
1574,Enerset,0.0,0.0,0
1575,Bhushilpa Chemicals P. Ltd,0.0,0.0,0
1576,Massa Petroleum,0.75,25.5,3
1577,"XIAMEN AZOCOLOR CO,. LTD.",0.0,0.0,0
1578,Fast Counterfeit Ssd Home,1.0,242.5,6
1579,Swapnroop Research Pvt ltd,0.0,0.0,0
1580,"Jiangsu Huayu Chemical Co., Ltd.",0.0,0.0,0
1581,K&K Industries,0.0,0.0,0
1582,GRINI SP Z O O,0.0,0.0,0
1583,Mpatoam Metal Miners Gh Ltd,1.0,301.75,4
1584,KazUniverseGroup LLP,0.0,0.0,0
1585,Bergen Carbon Solutions AS,0.0,0.0,0
1586,IntraChem Limited,0.009436112503988694,0.4824725349865524,207
1587,lolek,0.0,0.0,0
1588,Kloepfel Global Sales Sp. z o. o.,0.16666666666666666,11.666666666666666,1
1589,Bbb Eurotrans,0.0,0.0,0
1590,BJ Tricardos SA,0.6,265.6,3
1591,Salvi Chemical Industries Ltd,0.0,0.0,0
1592,"Probiztech Co., Ltd",0.0,0.0,0
1593,COMEXIDO LTD,0.0,0.0,0
1594,Noirga Polymer LLC,0.4,27.8,4
1595,Yıldız Group Kimya Kozmetik San.ve Tic.Ltd.Şti,1.0,710.0,1
1596,ÜNİVERSAL POLİMER SANAYİ VE TİCARİ LİMİTED ŞİRKETİ,0.0,0.0,0
1597,Cristalco Suisse SA,1.0,480.0,1
1598,NCP Trading,0.0,0.0,0
1599,Ertek Kimya Tic. A.Ş.,1.0,245.66666666666666,3
1600,Rudas Mirela,0.0,0.0,0
1601,FMT Medical Store,1.0,200.66666666666666,3
1602,Penta Italia Export SRL,0.6597633136094675,67.4171597633136,223
1603,Chem Concept Kft.,0.4583333333333333,31.041666666666668,11
1604,Filip Andrysiewicz Pośrednictwo Handlowe,0.0,0.0,0
1605,Lanya Chemical Europe GmbH,0.2564102564102564,10.23076923076923,10
1606,Rendezvousproperty,0.0,0.0,0
1607,Atex Est OÜ,1.0,95.0,1
1608,EMB COMMODITIES UK LTD,1.0,710.0,1
1609,Bart Spółka z ograniczoną odpowiedzialnością,1.0,13.0,1
1610,Prochimica Novarese SPA,0.0,0.0,0
1611,AFMER Kimya,0.0,0.0,0
1612,Polymono Intelligence Technology GmbH,1.0,795.0,1
1613,WO Trade and Holding Oy,0.0,0.0,0
1614,Alma International Trade,0.9090909090909091,216.0,10
1615,Agroliga,0.0,0.0,0
1616,im group,0.0,0.0,0
1617,tepeyol a.ş,0.0,0.0,0
1618,Wise Group BG Ltd.,0.0,0.0,0
1619,FA GIDA,0.0,0.0,0
1620,Alichem Inc.,0.0,0.0,0
1621,ETS STEINER,1.0,58.0,1
1622,Obafer Kimya Sanayi ve Ticaret Limited Şirketi,0.75,37.1875,12
1623,Cheleken Chemicals,0.0,0.0,0
1624,acphis GmbH & Co. KG,0.030303030303030304,7.03030303030303,1
1625,Nuh Kompozit AS,1.0,35.0,1
1626,Smart chemical industry limited,0.0,0.0,0
1627,AAGlob S.A.,1.0,42.0,1
1628,"Shandong Sanyuan Biotechnology Co., Ltd",1.0,35.0,1
1629,Orta Doğu petrokimya sanayi,1.0,372.0,4
1630,Agrichem Innovation Inc,0.6666666666666666,44.333333333333336,2
1631,Trivalue,1.0,545.0,1
1632,EURO SILVA,0.0,0.0,0
1633,Karmaliuk,0.0,0.0,0
1634,"Nestfood / ""AGROPRIME IN"" LLC",0.5,35.0,1
1635,Foscote Group,1.0,132.0,1
1636,Impex Solutions LLC,1.0,96.0,1
1637,INNOVACION RHINO,0.0,0.0,0
1638,MAVICHAMP SL,0.7590361445783133,88.80722891566265,126
1639,CITIBLUE INTERNATIONAL SRL,1.0,38.0,1
1640,Evolutics International Pvt. Ltd.,0.32075471698113206,68.98113207547169,17
1641,AQUAHOLDING,0.0,0.0,0
1642,DOGAN MAKİNE PLASTİK SAN VE TİC.LTD.ŞTİ,1.0,484.0,1
1643,LA.C.S.A Srl,0.3333333333333333,141.11111111111111,3
1644,vijayam pharmacy,0.0,0.0,0
1645,SONİC PETROKİMYA ÜRÜNLERİ SANAYİ VE DIŞ TİCARET LİMİTED ŞİRKETİ,1.0,45.0,2
1646,"Hebei Guanlian New Material Co.,Ltd.",1.0,386.0,1
1647,"PT,Sarana Bela Nusa  & PT.Nabateans Aromatic",0.0,0.0,0
1648,AG Chemi Group,0.28860759493670884,26.60632911392405,228
1649,Steinbeis SIZ,0.0,0.0,0
1650,Ugur Bitkisel Tarimcilik Ticaret LTD. STI,0.0,0.0,0
1651,FOP Daniielian,1.0,48.5,2
1652,ODEMO LLC,1.0,70.0,1
1653,BLACK MINERALS PROCESSING S.L.,0.0,0.0,0
1654,Alphagradellc,0.0,0.0,0
1655,surer hayvancilik tarin gida san. ltd. sti.,0.0,0.0,0
1656,PTW WHOLESALE SUPPLIER & GENERAL TRADING BVB,0.0,0.0,0
1657,Gurmaden,0.0,0.0,0
1658,TechnoSpetsTrading,1.0,913.0,1
1659,PREMIFAB d.o.o.,1.0,38.0,1
1660,"Suzhou Laing Biotechnology Co.,Ltd",0.0,0.0,0
1661,Lignovations GmbH,0.0,0.0,0
1662,A-Sense Sp. z.o.o.,0.6086956521739131,72.52173913043478,14
1663,SVK INTERNATIONAL SP. Z.O.O,0.0,0.0,0
1664,Prokasa,1.0,70.0,1
1665,Advik Colors (Teamcrop Overseas LLP),0.0,0.0,0
1666,Inmost Invest,1.0,913.0,1
1667,POLYHIM,0.0,0.0,0
1668,Neo Strim,0.0,0.0,0
1669,Canadian Golden Stars,0.0,0.0,0
1670,akel kimya tiner,0.0,0.0,0
1671,Purinova Sp. Z.o.o.,0.3333333333333333,29.0,1
1672,AEM Canada Group Inc,1.0,32.0,1
1673,Inovet d.o.o.,0.0,0.0,0
1674,SENOL Sp. z o.o,1.0,327.5,6
1675,PJSC Ternopil Poultry Farm,0.0,0.0,0
1676,Handgrow Organics pvt Ltd,1.0,437.0,1
1677,Rachana Organics Pvt Ltd,0.0,0.0,0
1678,Belami Fine Chemicals Pvt. Ltd.,0.0,0.0,0
1679,AQUATONALE,1.0,66.0,1
1680,GREENDROP SUPPLEMENTS LIMITED,0.0,0.0,0
1681,DCM Shriram Ltd,0.6666666666666666,358.6666666666667,2
1682,ARLES,0.0,0.0,0
1683,PMS International S.L,1.0,172.5,2
1684,AS İLERİ GIDA MUHENDISLIK INSAAT SAN. VE TIC. LTD. STI,0.5652173913043478,68.02173913043478,26
1685,"XinHuiHong International Co., Ltd.",1.0,161.83333333333334,6
1686,KMW Sp. z o.o.,0.0,0.0,0
1687,Corpolev Trading Kft.,1.0,545.0,1
1688,Syntharo Fine Chemicals GmbH,0.16666666666666666,22.666666666666668,1
1689,Dogal Destek Urunleri Arastırma San. ve Tic. A.S.,0.041666666666666664,2.2083333333333335,1
1690,C.S.Chemicals (M) Sdn Bhd,0.0,0.0,0
1691,SunOil,0.0,0.0,0
1692,LM24 srl,0.0,0.0,0
1693,ROYAL SERA EKİPMANLARI,0.875,235.5,7
1694,Ebisu International Business Ltd,0.0,0.0,0
1695,Ltd Agrex,1.0,70.0,1
1696,Silitex s.r.l.,0.0,0.0,0
1697,Blended Products Ltd,0.7,106.7,7
1698,Polinvest,0.0,0.0,0
1699,"KETONG GROUP CO.,LTD",0.5,39.5,1
1700,"RAW MATERIALS CELLULOSE,",0.5,31.0,1
1701,NOVA GROUP ENDÜSTRİ KİMYA İTHALAT İHRACAT SAN. TİC. LTD. ŞTİ.,0.8333333333333334,458.6666666666667,5
1702,"Yabow  CO., LIMITED",1.0,26.0,1
1703,Elchemy (Bizinbiz Technologies Private Limited),0.7619047619047619,172.47619047619048,16
1704,Horizon Chemical For Special Chemicals,1.0,217.0,1
1705,Creative Biogene,0.0,0.0,0
1706,PT. DUA KUDA INDONESIA,0.3333333333333333,21.333333333333332,1
1707,MILKIJA SP Z O O,1.0,14.0,1
1708,Ekonapas UAB,1.0,17.0,1
1709,Hope Chemical Trading Kimya ltd,1.0,71.0,1
1710,"Tianjin YR Chemspec Technology Co.,Ltd.",0.0,0.0,0
1711,trust Circle for chemicals co,1.0,363.0,2
1712,Waves Chemicals,0.59375,89.765625,38
1713,Segio Sanchez,0.0,0.0,0
1714,Soyventis Europe B.V.,0.8260869565217391,104.1304347826087,19
1715,lannexeo,0.0,0.0,0
1716,M.A.K. Germany GmbH,1.0,913.0,1
1717,ENECO DISTRIBUTION,0.0,0.0,0
1718,HYGENIQ,0.0,0.0,0
1719,ALFA RUSSEL AG,1.0,50.0,1
1720,Prutul,0.0,0.0,0
1721,STOCKMEIER Química S.L.U.,0.6095238095238096,68.02857142857142,64
1722,Prista Commerce Ltd.,0.0,0.0,0
1723,Sahra Metal Recycling,1.0,60.0,1
1724,Sang Froid Chemicals PVT. LTD,1.0,51.0,1
1725,GLI-THERM SP. Z O.O.,0.8214285714285714,255.07142857142858,23
1726,KLINTENSIV,1.0,284.5,4
1727,Test Migration 13 Aug,1.0,710.0,1
1728,"Suzhou Youzhihe Medical Science and Technology Co., Ltd.",0.01020408163265306,0.3877551020408163,1
1729,Gokul Overseas,0.0,0.0,0
1730,Ecas Quattro Srl,0.0,0.0,0
1731,CRYSTALLINE CHEMICAL INDUSTRIES,1.0,480.0,1
1732,GMCI Private Limited,0.6666666666666666,32.333333333333336,2
1733,Milca Baltija UAB,1.0,535.0,2
1734,Chemtech Speciality India Pvt Ltd,0.16666666666666666,11.0,1
1735,Arotco GmbH (haftungsbeschränkt),1.0,710.0,1
1736,Russian Vitriol Company,0.0,0.0,0
1737,"Chonqing Lihao chemistry tech co.,ltd.",1.0,41.0,1
1738,Klaris-Invest,1.0,51.0,1
1739,Todwic,1.0,37.0,3
1740,CH3mpro GmbH,1.0,14.0,1
1741,Chemiphase International Ltd,1.0,73.0,1
1742,Kah Research Chem,1.0,311.8333333333333,6
1743,Glindia Chemicals,0.0,0.0,0
1744,Inventivo Gases,1.0,366.0,1
1745,D.A.B. Holding,0.0,0.0,0
1746,vevet chemicals,1.0,364.4,5
1747,"skyrun industrial CO.,LTD",0.0,0.0,0
1748,nanomax,0.0,0.0,0
1749,Matrix Life Science Private Limited,0.0,0.0,0
1750,Excellerise Solutions AB,1.0,913.0,1
1751,"LLC ""ORGANIC-DNEPR""",1.0,480.0,1
1752,Saluna srls,1.0,913.0,1
1753,VV Exim Group,0.0,0.0,0
1754,Chemical Point Italia s.r.l,0.022942263781667936,1.3837120800260954,211
1755,Cosphatec GmbH,0.3055555555555556,35.416666666666664,11
1756,AGRİ BEST GIDA TARIM İTHALAT İHRACAT SANAYİ VE TİCARET LİMİTED ŞİRKETİ,1.0,710.0,1
1757,Xian Foreign Trade And Economic Development Corp.,0.15384615384615385,32.38461538461539,2
1758,essoumariam69,1.0,213.5,2
1759,"Shandong Fuyang Biotechnology Co.,ltd",1.0,95.0,1
1760,PROTECT KİMYA LTD ŞTİ,1.0,484.0,1
1761,ERSAĞ TIBBİ ve AROMATİK BİTKİLER SANAYİ VE TİCARET LİMİTED ŞİRKETİ,0.0625,1.125,1
1762,Cerdia International GmbH,0.0,0.0,0
1763,"Guizhou Sino-Phos Chemical Co., Ltd",0.0,0.0,0
1764,Türkmen Turk Dış Ticaret ve Ticaret Evi Ltd. Şti.,0.0,0.0,0
1765,TEMPO MV LTD.,0.0,0.0,0
1766,Nonsensia,0.0,0.0,0
1767,AG universal LLC,0.0,0.0,0
1768,Goodname India LLP,0.0,0.0,0
1769,hyroxtech.uzb,1.0,14.0,1
1770,Kvitny,1.0,40.0,1
1771,VALTECNO GmbH,0.0,0.0,0
1772,HCD Chemie Distribution GmbH,0.5,193.0,1
1773,Group Intrade Ltd.,1.0,388.0,1
1774,Janus,0.0,0.0,0
1775,Connection A GmbH,1.0,49.0,2
1776,MAISON SADÉ PL,1.0,70.0,1
1777,SANO TRADE COMPANY LTD,1.0,70.0,1
1778,Tremco CPG Belgium,0.0,0.0,0
1779,Saint Nicholas,0.0,0.0,0
1780,Shandong Minji New Material Technology Co. LTd,1.0,30.0,1
1781,CARGILL TARIM VE GIDA SANAYİ TİCARET ANONİM ŞİRKETİ,0.0,0.0,0
1782,ZGK GÖKŞİN KİMYA AŞ,0.8333333333333334,223.72222222222223,15
1783,GSI DEFENSE Inc.,0.0,0.0,0
1784,Graphenest,0.0,0.0,0
1785,Plastay Kimya Sanayi ve Ticaret Anonim Sirketi,0.0,0.0,0
1786,Kuzgun Kimya,1.0,142.0,3
1787,The Sulfolane Company BV,0.0,0.0,0
1788,Innovares Srl,0.0,0.0,0
1789,"Hubei New Desheng material Technology Co., Ltd.",0.14285714285714285,11.428571428571429,1
1790,Ayali Group Ltd,0.0,0.0,0
1791,TFI Paweł Murawski,0.0,0.0,0
1792,rPET InWaste s.r.o.,0.0,0.0,0
1793,"Greenflow Chemicals, Lda",1.0,276.09090909090907,11
1794,POMZ EXPORT MADENCİLİK A.Ş.,0.0,0.0,0
1795,Natural healing center,0.0,0.0,0
1796,CNTR INTERNATONAL,1.0,913.0,1
1797,BEKATA EXPORT IMPORT İNŞ. SAN. VE DIŞ TİC. LTD. ŞTİ.,0.6666666666666666,336.3333333333333,2
1798,Nanoxo sp.z o.o.,0.5,27.5,1
1799,VA Trade GmbH,1.0,675.0,2
1800,hanse immobilien bau GmbH,1.0,60.0,1
1801,El-Mohandes for Coatings & Solvents,0.0,0.0,0
1802,EGGDEN Gıda Teknoloji Ar ve Ge San Ltd Şti,0.0,0.0,0
1803,DECACHEM DOO SERBIA,0.4117647058823529,19.705882352941178,28
1804,Falcon Agro Group LLC,0.0,0.0,0
1805,ACUSAS KİMYA DIŞ TİCART LİMİTED ŞİRKETİ,0.9230769230769231,238.53846153846155,12
1806,BIOLENEX LLC,1.0,545.0,1
1807,"Tongling Yuguo Balancing Materials Co.,Ltd",1.0,145.0,5
1808,Woegerbauer-R&D-Prüflabor GmbH,0.0,0.0,0
1809,DOUBLE D GROUP LTD.,0.5454545454545454,107.18181818181819,6
1810,YARD,1.0,913.0,1
1811,Box Baltic Ltd,1.0,77.0,1
1812,Swissmerit AG,0.0,0.0,0
1813,KARUPOEG PUHH OÜ,1.0,114.0,1
1814,"CHEMICAL  E&M, LLC",0.0,0.0,0
1815,PCBL Limited,0.0,0.0,0
1816,Masal Media Ltd.,1.0,257.0,1
1817,CJSC Kvitny,0.5,20.0,1
1818,"Hengshui Jiamu Chemical Co., Ltd",0.3333333333333333,6.666666666666667,1
1819,Kooh Sang Yaghoot,0.0,0.0,0
1820,IFTIKHAR PLASTIC & COMPANY UK LTD,1.0,30.0,1
1821,Kostov smarthome GmbH,1.0,913.0,1
1822,Avestra Chemical (Suisse) SA,1.0,87.0,4
1823,Revival  SIA,0.0,0.0,0
1824,Emporos Electric,0.0,0.0,0
1825,Plastore srl,0.15384615384615385,7.3076923076923075,2
1826,SaisamarthInternational,0.0,0.0,0
1827,William Blythe Limited,0.3333333333333333,8.666666666666666,2
1828,"Shenzhen BST Science & Technology Co., Ltd",0.0,0.0,0
1829,PPA Integral srl,1.0,48.5,2
1830,Advaith traders,1.0,710.0,1
1831,CBD EXTRACTION IKE,0.0,0.0,0
1832,"STANEK CO.,LTD.",0.0,0.0,0
1833,"Hebei Laixing Technology Co., Ltd.",0.0,0.0,0
1834,StarTradeEst OU,0.5,37.5,1
1835,ARMAĞAN KİMYA SANAYİ VE TİCARET ANONİM ŞİRKETİ,0.5,25.0,1
1836,Benet Dış Ticaret Ltd. Şti.,1.0,345.0,4
1837,Slovškrob a.s.,0.6666666666666666,19.666666666666668,2
1838,Vega Stividors LLC,1.0,480.0,1
1839,JAWAR sp. z o.o.,0.0,0.0,0
1840,Midwest Polychem,1.0,60.0,1
1841,"Jinan maissen new material co.,ltd",1.0,41.0,1
1842,Perchemicals Kimya Dis Ticaret Ltd Sti,0.8627450980392157,171.2156862745098,44
1843,Jebsen & Jessen Chemicals GmbH,0.8,233.8,12
1844,"Sintac Recycling, SL",0.6666666666666666,31.666666666666668,2
1845,Danish Graphene ApS,0.0,0.0,0
1846,Kazfert,0.5,20.0,1
1847,Nortem Chem SA,0.6666666666666666,127.5,4
1848,SHREE GAYATRI CHEMICALS,0.0,0.0,0
1849,White Wing International,1.0,96.0,1
1850,BIO-PHARMA LABORATORIES PVT LTD,0.0,0.0,0
1851,vıatet Ltd Sti,0.0,0.0,0
1852,Macris Silicates Factory,0.0,0.0,0
1853,Bazayan & Co,0.0,0.0,0
1854,Supreme Plasticizers,0.0,0.0,0
1855,Bortech,0.7254901960784313,120.27450980392157,37
1856,2M-SOLUTION GmbH,0.14285714285714285,130.42857142857142,1
1857,Galvachem Chemiehandelsges mbH,0.25,3.75,1
1858,ZCROSS INTERNATIONAL,1.0,18.0,1
1859,Chemist EU,0.726027397260274,124.10958904109589,53
1860,MADHAV SNOW WHITE INDUSTRIES,1.0,40.0,1
1861,Agrotrade-2000,1.0,70.0,1
1862,EXGSP GMBH LLC,1.0,48.5,2
1863,TERCO CHEMICALS,0.0,0.0,0
1864,Vidhya Enterprises,0.0,0.0,0
1865,Nico Orgo,0.0,0.0,0
1866,alfazal altijarat,0.0,0.0,0
1867,BG AGROCHEM COMPANY LIMITED,0.7142857142857143,143.95238095238096,15
1868,Lavandan,0.0,0.0,0
1869,CRISTALCO,0.0,0.0,0
1870,Wion Technology Sp. z o.o.,1.0,17.0,1
1871,Polpet Chemical,1.0,710.0,1
1872,Solvay France SA,1.0,15.0,1
1873,Ziegler & Co. Minerals GmbH,0.2222222222222222,19.22222222222222,2
1874,KROMOZOME,0.0,0.0,0
1875,Firewater ltd,1.0,35.0,1
1876,YARA GmbH&Co.KG,0.5,20.0,1
1877,Asfara Trading,0.0,0.0,0
1878,Icon Industries,0.0,0.0,0
1879,Morkim Kimya,1.0,260.8333333333333,12
1880,Cyberwize Turkey,1.0,66.0,1
1881,AQUANOVA AG,0.21052631578947367,10.578947368421053,4
1882,ACT Polyols,0.0,0.0,0
1883,HMA GLOBAL ENERGY TRADING LLC,1.0,913.0,1
1884,Prosur AG,0.0,0.0,0
1885,CFI Wood,1.0,29.0,1
1886,Anjali Shipping,1.0,131.33333333333334,3
1887,Sky Global,0.0,0.0,0
1888,ERTEKİN KİMYA İÇ VE DIŞ TİC.LTD.ŞTİ.,0.5,30.0,1
1889,"Attilio Carmagnani ""AC""S.p.A.",1.0,230.92857142857142,14
1890,OZE İnşaat A.Ş.,0.0,0.0,0
1891,ALMAWATECH GmbH,0.8,131.1,8
1892,UNICALCE SPA,1.0,35.0,2
1893,Grüssing GmbH,0.9473684210526315,189.47368421052633,18
1894,ISK METAL KIMYA SAN TIC AS,1.0,14.0,1
1895,Bilgram Chemie GmbH,0.7416666666666667,103.79166666666667,89
1896,SLI Chemicals GmbH,0.4375,25.5625,7
1897,MANAS AGROTECH,0.0,0.0,0
1898,PPA INTEGRAL SRL,1.0,70.0,1
1899,23street I solutions,0.0,0.0,0
1900,Vohler Chemicals,0.9090909090909091,186.0,10
1901,SUGRO AG,0.0,0.0,0
1902,SIV Servicios Integrales Vicinay SA,1.0,480.0,1
1903,Kneho-Lacke GmbH,0.3333333333333333,13.0,2
1904,S. Goldmann GmbH & Co. KG,0.1793103448275862,13.53103448275862,26
1905,Gremlog Trading DMCC,0.0,0.0,0
1906,MustafaGlobal,0.0,0.0,0
1907,MIBAL SA,0.0,0.0,0
1908,gokgroup polymer,1.0,373.0,4
1909,Foodcom S.A.,0.6382978723404256,95.42553191489361,30
1910,Kraul & Wilkening u. Stelling GmbH,1.0,480.0,1
1911,green energy products,0.0,0.0,0
1912,Cheery,0.0,0.0,0
1913,HRS KİMYA,0.5384615384615384,68.11538461538461,14
1914,Mars Kimya,1.0,33.0,5
1915,LLC Copmany Zemlya,0.0,0.0,0
1916,CHIMI ART,1.0,90.0,1
1917,Topcopper,0.0,0.0,0
1918,Krada CPS Industry S.L.,0.7241379310344828,96.03448275862068,21
1919,VTI - VERBINDET TECHNOLOGIE UND INDUSTRIE SA,0.5,272.5,1
1920,May Asit Kimyevi,1.0,128.0,2
1921,BADE KİMYEVİ MADDELER ARAŞTIRMA VE GELİŞTİRME TİC. VE SAN. A.Ş.,0.3333333333333333,9.333333333333334,1
1922,LLC DRAKENBERG Gmbh,1.0,710.0,1
1923,NOVİNİ KİMYA LİMİTED ŞİRKETİ,0.8378378378378378,114.54054054054055,31
1924,Greenforest,1.0,913.0,1
1925,ONLYPLAST SPAIN S.L.,0.5,23.75,2
1926,BR CONSTRUCTION . CO,1.0,913.0,1
1927,Parna Chemicals International,0.0,0.0,0
1928,AMIA,0.0,0.0,0
1929,"Zaporizhzhia Abrasive Plant, PJSC",0.5,16.0,1
1930,Azin Supply Dynamic Co.,1.0,913.0,1
1931,S.Nihar Exports,0.0,0.0,0
1932,Associated Business Corporation,0.0,0.0,0
1933,Shandong Fuyang  Bio-tech. Co.Ltd.,1.0,65.0,2
1934,SN - new sequence,0.0,0.0,0
1935,www.malaysiachemicalexporters.com,1.0,597.0,2
1936,SJV,1.0,913.0,1
1937,ип Шумеков,0.0,0.0,0
1938,Azimut Investments LTD - Italy,1.0,913.0,1
1939,LYCOS CHEMTECH,0.0,0.0,0
1940,Myres Global Group,0.0,0.0,0
1941,Aarksh Trading BV,0.0,0.0,0
1942,Ferro Duo,0.6666666666666666,58.666666666666664,2
1943,METATEX KUMAŞ HAMMADDE SANAYİ TİC. A.Ş.,0.5,355.0,1
1944,MEY KIMYA SANAYI VE DIŞ TİCARET LTD ŞTİ.,0.0,0.0,0
1945,KH Boddin GmbH,0.25,10.125,2
1946,"UAB ""AGROLOGISTIKA LT""",0.0,0.0,0
1947,"Wuhan xinow international Co.,Ltd.",0.0,0.0,0
1948,TUE HANDEL GMBH,1.0,913.0,1
1949,Icon Industries,0.5,281.5,1
1950,jay overseas pvt ltd,1.0,51.0,1
1951,Shivanichemicals,1.0,18.0,1
1952,Ameen delivery service,1.0,710.0,1
1953,TIGA Chemicals,0.78125,142.46875,25
1954,Advance Inorganics,0.0,0.0,0
1955,DM Baltic,1.0,84.0,1
1956,"Hunan Xuetian Fine Chemical Industry Co., Ltd",0.0,0.0,0
1957,TEKNA PLASMA EUROPE,0.3333333333333333,13.0,1
1958,Arihant Micron,1.0,84.0,1
1959,Productos Colcar S.L.,0.0,0.0,0
1960,KESVI MARKETING PRIVATE LIMITED,1.0,386.6666666666667,3
1961,Nitrochemie Wimmis AG,1.0,217.0,1
1962,Imunell Hygiene GmbH & Co. KG,0.0,0.0,0
1963,Hulgaard Advokater,0.0,0.0,0
1964,Unitechem GmbH,0.0,0.0,0
1965,AUGUST INVEST SP Z O O,1.0,78.0,1
1966,CATRIN,0.0,0.0,0
1967,Scandichem DK ApS,0.8571428571428571,301.42857142857144,12
1968,Münzer Bioindustrie,0.5,272.5,1
1969,CAD Chemicals,1.0,63.5,2
1970,MCC - Menssing Chemiehandel & Consultants GmbH,1.0,32.0,1
1971,Shlok Enterprise,0.0,0.0,0
1972,Biachem Ltd,1.0,380.5,2
1973,Marsilya Kimya Limited,0.78125,142.46875,25
1974,TRADIUM GmbH,0.0,0.0,0
1975,JAIN ACID AND CHEMICALS,1.0,710.0,1
1976,MHX SOLUTIONS LTD,0.0,0.0,0
1977,"Hubei Cheezheng Energy Development Co.,L",1.0,161.0,1
1978,Beersheba Mines & Minerals Pvt. Ltd.,0.0,0.0,0
1979,Hema Laboratories,0.0,0.0,0
1980,Bang&Bonsomer Group Oy,0.7763157894736842,144.21052631578948,59
1981,IMPOCOLOR - PRODUTOS QUÍMICOS SA,0.0,0.0,0
1982,"SICHUAN HANWANG INORGANIC SALT CHEMICAL INDUSTRY CO.,LTD",0.5,7.5,1
1983,Norse Biotech AS,0.0,0.0,0
1984,Apeks Grup,1.0,257.0,1
